Order_City,Order_Country,Order_Region,Order_State,Market,Location_Id
Bekasi,Indonesia,Southeast Asia,Java Occidental,Pacific Asia,1
Bikaner,India,South Asia,Rajastán,Pacific Asia,2
Townsville,Australia,Oceania,Queensland,Pacific Asia,3
Toowoomba,Australia,Oceania,Queensland,Pacific Asia,4
Guangzhou,China,Eastern Asia,Guangdong,Pacific Asia,5
Tokio,Japón,Eastern Asia,Tokio,Pacific Asia,6
Manado,Indonesia,Southeast Asia,Célebes Septentrional,Pacific Asia,7
Sangli,India,South Asia,Maharashtra,Pacific Asia,8
Seúl,Corea del Sur,Eastern Asia,Seúl,Pacific Asia,9
Jabalpur,India,South Asia,Madhya Pradesh,Pacific Asia,10
Geelong,Australia,Oceania,Victoria,Pacific Asia,11
Brisbane,Australia,Oceania,Queensland,Pacific Asia,12
Mandurah,Australia,Oceania,Australia Occidental,Pacific Asia,13
Guilin,China,Eastern Asia,Guangxi,Pacific Asia,14
Delhi,India,South Asia,Delhi,Pacific Asia,15
Suzhou,China,Eastern Asia,Gansu,Pacific Asia,16
Singapur,Singapur,Southeast Asia,Singapur,Pacific Asia,17
Hubli,India,South Asia,Karnataka,Pacific Asia,18
Wollongong,Australia,Oceania,Nueva Gales del Sur,Pacific Asia,19
Medan,Indonesia,Southeast Asia,Sumatra Septentrional,Pacific Asia,20
Canberra,Australia,Oceania,Territorio de la Capital Australiana,Pacific Asia,21
Bangalore,India,South Asia,Karnataka,Pacific Asia,22
Yiwu,China,Eastern Asia,Zhejiang,Pacific Asia,23
Mirzapur,India,South Asia,Uttar Pradesh,Pacific Asia,24
Bursa,Turquía,West Asia,Bursa,Pacific Asia,25
Murray Bridge,Australia,Oceania,Australia del Sur,Pacific Asia,26
Kartal,Turquía,West Asia,Estambul,Pacific Asia,27
Ulan Bator,Mongolia,Eastern Asia,Ulán Bator,Pacific Asia,28
Estambul,Turquía,West Asia,Estambul,Pacific Asia,29
Raipur,India,South Asia,Rajastán,Pacific Asia,30
Pasco,Estados Unidos,West of USA ,Washington,USCA,31
Los Angeles,Estados Unidos,West of USA ,California,USCA,32
San Francisco,Estados Unidos,West of USA ,California,USCA,33
Overland Park,Estados Unidos,US Center ,Kansas,USCA,34
Ugep,Nigeria,West Africa,Cross River,Africa,35
Kinshasa,República Democrática del Congo,Central Africa,Kinshasa,Africa,36
Dakar,Senegal,West Africa,Dakar,Africa,37
Casablanca,Marruecos,North Africa,Gran Casablanca,Africa,38
Dortmund,Alemania,Western Europe,Renania del Norte-Westfalia,Europe,39
Drancy,Francia,Western Europe,Isla de Francia,Europe,40
Nantes,Francia,Western Europe,Países del Loira,Europe,41
Groningen,Países Bajos,Western Europe,Groningen,Europe,42
Gateshead,Reino Unido,Northern Europe,Inglaterra,Europe,43
Eastbourne,Reino Unido,Northern Europe,Inglaterra,Europe,44
Hayange,Francia,Western Europe,Alsacia-Champaña-Ardenas-Lorena,Europe,45
Portsmouth,Reino Unido,Northern Europe,Inglaterra,Europe,46
Gelsenkirchen,Alemania,Western Europe,Renania del Norte-Westfalia,Europe,47
Nice,Francia,Western Europe,Provenza-Alpes-Costa Azul,Europe,48
Petapa,Guatemala,Central America,Guatemala,LATAM,49
Mejicanos,El Salvador,Central America,San Salvador,LATAM,50
David,Panamá,Central America,Chiriquí,LATAM,51
Santo Domingo,República Dominicana,Caribbean,Santo Domingo,LATAM,52
Cabimas,Venezuela,South America,Zulia,LATAM,53
Dos Quebradas,Colombia,South America,Risaralda,LATAM,54
Ilopango,El Salvador,Central America,San Salvador,LATAM,55
Tegucigalpa,Honduras,Central America,Francisco Morazán,LATAM,56
Juazeiro,Brasil,South America,Bahía,LATAM,57
Mexico City,México,Central America,Distrito Federal,LATAM,58
Tlaquepaque,México,Central America,Jalisco,LATAM,59
Puebla,México,Central America,Puebla,LATAM,60
São Paulo,Brasil,South America,São Paulo,LATAM,61
Montevideo,Uruguay,South America,Montevideo,LATAM,62
Buenos Aires,Argentina,South America,Buenos Aires,LATAM,63
Barueri,Brasil,South America,São Paulo,LATAM,64
Arapongas,Brasil,South America,Paraná,LATAM,65
Camagüey,Cuba,Caribbean,Camagüey,LATAM,66
Las Tunas,Cuba,Caribbean,Las Tunas,LATAM,67
Tepic,México,Central America,Nayarit,LATAM,68
San Miguelito,Panamá,Central America,Panamá,LATAM,69
Ixtapaluca,México,Central America,México,LATAM,70
Maceió,Brasil,South America,Alagoas,LATAM,71
Belo Horizonte,Brasil,South America,Minas Gerais,LATAM,72
Santiago de Cuba,Cuba,Caribbean,Santiago de Cuba,LATAM,73
San Pedro Sula,Honduras,Central America,Cortés,LATAM,74
Lima,Perú,South America,Lima (ciudad),LATAM,75
Holguín,Cuba,Caribbean,Holguín,LATAM,76
Orizaba,México,Central America,Veracruz,LATAM,77
Managua,Nicaragua,Central America,Managua,LATAM,78
Villahermosa,México,Central America,Tabasco,LATAM,79
Quixadá,Brasil,South America,Ceará,LATAM,80
Mixco,Guatemala,Central America,Guatemala,LATAM,81
Nueva Gerona,Cuba,Caribbean,Isla de la Juventud,LATAM,82
Chimaltenango,Guatemala,Central America,Chimaltenango,LATAM,83
Villa Nueva,Guatemala,Central America,Guatemala,LATAM,84
Quito,Ecuador,South America,Pichincha,LATAM,85
Valle de La Pascua,Venezuela,South America,Guárico,LATAM,86
Cotia,Brasil,South America,São Paulo,LATAM,87
Itapecuru Mirim,Brasil,South America,Marañón,LATAM,88
León,Nicaragua,Central America,León,LATAM,89
Tlalpan,México,Central America,Distrito Federal,LATAM,90
Apopa,El Salvador,Central America,San Salvador,LATAM,91
Cipolletti,Argentina,South America,Río Negro,LATAM,92
La Ceiba,Honduras,Central America,Atlántida,LATAM,93
Córdoba,México,Central America,Veracruz,LATAM,94
Kuito,Angola,Central Africa,Bié,Africa,95
Jartum,Sudán,North Africa,Jartum,Africa,96
Hargeysa,Somalia,East Africa,Gobolka Woqooyi Galbeed,Africa,97
Kenitra,Marruecos,North Africa,Garb-Chrarda-Beni Hsen,Africa,98
Abidjan,Costa de Marfil,West Africa,Lagunes,Africa,99
Abu Kabir,Egipto,North Africa,Ash Sharqiyah,Africa,100
Perugia,Italia,Southern Europe,Umbría,Europe,101
Nuremberg,Alemania,Western Europe,Bavaria,Europe,102
Reims,Francia,Western Europe,Alsacia-Champaña-Ardenas-Lorena,Europe,103
Halle,Alemania,Western Europe,Sajonia-Anhalt,Europe,104
Bremerhaven,Alemania,Western Europe,Bremen,Europe,105
Portici,Italia,Southern Europe,Campania,Europe,106
Bielefeld,Alemania,Western Europe,Renania del Norte-Westfalia,Europe,107
London,Reino Unido,Northern Europe,Inglaterra,Europe,108
Duisburg,Alemania,Western Europe,Renania del Norte-Westfalia,Europe,109
Bradford,Reino Unido,Northern Europe,Inglaterra,Europe,110
Agrigento,Italia,Southern Europe,Sicilia,Europe,111
Oldham,Reino Unido,Northern Europe,Inglaterra,Europe,112
Palermo,Italia,Southern Europe,Sicilia,Europe,113
Madrid,España,Southern Europe,Madrid,Europe,114
Nancy,Francia,Western Europe,Alsacia-Champaña-Ardenas-Lorena,Europe,115
Girona,España,Southern Europe,Cataluña,Europe,116
Laon,Francia,Western Europe,Norte-Paso de Calais-Picardía,Europe,117
Hartlepool,Reino Unido,Northern Europe,Inglaterra,Europe,118
Pontault-Combault,Francia,Western Europe,Isla de Francia,Europe,119
La Rochelle,Francia,Western Europe,Aquitania-Lemosín-Poitou-Charentes,Europe,120
Edinburgh,Reino Unido,Northern Europe,Escocia,Europe,121
Acerra,Italia,Southern Europe,Campania,Europe,122
Hanover,Alemania,Western Europe,Baja Sajonia,Europe,123
Manchester,Reino Unido,Northern Europe,Inglaterra,Europe,124
Messina,Italia,Southern Europe,Sicilia,Europe,125
Wilhelmshaven,Alemania,Western Europe,Baja Sajonia,Europe,126
Letchworth,Reino Unido,Northern Europe,Inglaterra,Europe,127
Kilwinning,Reino Unido,Northern Europe,Escocia,Europe,128
Villeneuve-le-Roi,Francia,Western Europe,Isla de Francia,Europe,129
Barakaldo,España,Southern Europe,País Vasco,Europe,130
Estocolmo,Suecia,Northern Europe,Estocolmo,Europe,131
Aylesbury,Reino Unido,Northern Europe,Inglaterra,Europe,132
Langenhagen,Alemania,Western Europe,Baja Sajonia,Europe,133
Birmingham,Reino Unido,Northern Europe,Inglaterra,Europe,134
Amsterdam,Países Bajos,Western Europe,Holanda Septentrional,Europe,135
Viena,Austria,Western Europe,Viena,Europe,136
Houston,Estados Unidos,US Center ,Texas,USCA,137
Gilbert,Estados Unidos,West of USA ,Arizona,USCA,138
San Jose,Estados Unidos,West of USA ,California,USCA,139
Fresno,Estados Unidos,West of USA ,California,USCA,140
Peoria,Estados Unidos,West of USA ,Arizona,USCA,141
Cincinnati,Estados Unidos,East of USA,Ohio,USCA,142
Columbus,Estados Unidos,US Center ,Indiana,USCA,143
Ottawa,Canada,Canada,Ontario,USCA,144
Kitchener,Canada,Canada,Ontario,USCA,145
Philadelphia,Estados Unidos,East of USA,Pensilvania,USCA,146
Des Plaines,Estados Unidos,US Center ,Illinois,USCA,147
Elmhurst,Estados Unidos,US Center ,Illinois,USCA,148
Antananarivo,Madagascar,East Africa,Analamanga,Africa,149
Algiers,Argelia,North Africa,Alger,Africa,150
Monrovia,Liberia,West Africa,Montserrado,Africa,151
Gagnoa,Costa de Marfil,West Africa,Fromager,Africa,152
Livingstone,Zambia,East Africa,Meridional,Africa,153
Fes,Marruecos,North Africa,Fez-Bulmán,Africa,154
Cairo,Egipto,North Africa,El Cairo,Africa,155
Hurghada,Egipto,North Africa,Al Bahr al Ahmar,Africa,156
Niamey,Níger,West Africa,Niamey,Africa,157
Sale,Marruecos,North Africa,Rabat-Salé-Zemur-Zaer,Africa,158
Pretoria,SudAfrica,Southern Africa,Gauteng,Africa,159
Marrakech,Marruecos,North Africa,Marrakech-Tensift-Al Hauz,Africa,160
Bur Sudan,Sudán,North Africa,Mar Rojo,Africa,161
Lagos,Nigeria,West Africa,Lagos,Africa,162
Quelimane,Mozambique,East Africa,Zambezia,Africa,163
Port Elizabeth,SudAfrica,Southern Africa,Cabo Oriental,Africa,164
Shinyanga,Tanzania,East Africa,Shinyanga,Africa,165
Kismaayo,Somalia,East Africa,Jubbada Hoose,Africa,166
Butare,Ruanda,East Africa,Meridional,Africa,167
Newcastle,SudAfrica,Southern Africa,KwaZulu-Natal,Africa,168
Jerusalén,Israel,West Asia,Jerusalén,Pacific Asia,169
Gold Coast,Australia,Oceania,Queensland,Pacific Asia,170
Newcastle,Australia,Oceania,Nueva Gales del Sur,Pacific Asia,171
Porirua,Nueva Zelanda,Oceania,Wellington,Pacific Asia,172
Mildura,Australia,Oceania,Victoria,Pacific Asia,173
Daca,Bangladés,South Asia,Daca,Pacific Asia,174
Kanpur,India,South Asia,Uttar Pradesh,Pacific Asia,175
Bangkok,Tailandia,Southeast Asia,Bangkok,Pacific Asia,176
Bagdad,Irak,West Asia,Bagdad,Pacific Asia,177
Adana,Turquía,West Asia,Adana,Pacific Asia,178
Riyadh,Arabia Saudí,West Asia,Riad,Pacific Asia,179
Shenzhen,China,Eastern Asia,Guangdong,Pacific Asia,180
Tianjin,China,Eastern Asia,Tianjin,Pacific Asia,181
Perth,Australia,Oceania,Australia Occidental,Pacific Asia,182
Dunedin,Nueva Zelanda,Oceania,Otago,Pacific Asia,183
Melbourne,Australia,Oceania,Victoria,Pacific Asia,184
Ulhasnagar,India,South Asia,Maharashtra,Pacific Asia,185
Manila,Filipinas,Southeast Asia,Capital Nacional,Pacific Asia,186
Mersin,Turquía,West Asia,Mersin,Pacific Asia,187
Temirtau,Kazajistán,Central Asia,Karagandá,Pacific Asia,188
Tengzhou,China,Eastern Asia,Shandong,Pacific Asia,189
Nantong,China,Eastern Asia,Jiangsu,Pacific Asia,190
Dalian,China,Eastern Asia,Liaoning,Pacific Asia,191
Lianyuan,China,Eastern Asia,Hunan,Pacific Asia,192
Caloundra,Australia,Oceania,Queensland,Pacific Asia,193
Bendigo,Australia,Oceania,Victoria,Pacific Asia,194
Adelaide,Australia,Oceania,Australia del Sur,Pacific Asia,195
Ajmer,India,South Asia,Rajastán,Pacific Asia,196
Kerman,Irán,South Asia,Kerman,Pacific Asia,197
Vadodara,India,South Asia,Guyarat,Pacific Asia,198
Semarang,Indonesia,Southeast Asia,Java Central,Pacific Asia,199
Cirebon,Indonesia,Southeast Asia,Java Occidental,Pacific Asia,200
Rangún,Myanmar (Birmania),Southeast Asia,Rangún,Pacific Asia,201
Kütahya,Turquía,West Asia,Kütahya,Pacific Asia,202
Namangán,Uzbekistán,Central Asia,Namangán,Pacific Asia,203
Xinzhou,China,Eastern Asia,Hubei,Pacific Asia,204
Mudanjiang,China,Eastern Asia,Heilongjiang,Pacific Asia,205
Lokossa,Benín,West Africa,Mono,Africa,206
Ikot Ekpene,Nigeria,West Africa,Akwa Ibom,Africa,207
Warri,Nigeria,West Africa,Delta,Africa,208
Bandundu,República Democrática del Congo,Central Africa,Bandundu,Africa,209
Foumban,Camerún,Central Africa,Ouest,Africa,210
Luanda,Angola,Central Africa,Luanda,Africa,211
Maiduguri,Nigeria,West Africa,Borno,Africa,212
Nairobi,Kenia,East Africa,Nairobi,Africa,213
Kitwe,Zambia,East Africa,Copperbelt,Africa,214
Nkongsamba,Camerún,Central Africa,Littoral,Africa,215
Mbuji-mayi,República Democrática del Congo,Central Africa,Kasai Oriental,Africa,216
Lome,Togo,West Africa,Marítima,Africa,217
Mahajanga,Madagascar,East Africa,Boeny,Africa,218
Kano,Nigeria,West Africa,Kano,Africa,219
Annaba,Argelia,North Africa,Annaba,Africa,220
Cotonou,Benín,West Africa,Littoral,Africa,221
Dar es Salaam,Tanzania,East Africa,Dar es Salaam,Africa,222
Cape Town,SudAfrica,Southern Africa,Cabo Occidental,Africa,223
Montpellier,Francia,Western Europe,Languedoc-Rosellón-Mediodía-Pirineos,Europe,224
Khmelnytskyi,Ucrania,Eastern Europe,Khmelnytskyi,Europe,225
Vannes,Francia,Western Europe,Bretaña,Europe,226
Fuenlabrada,España,Southern Europe,Madrid,Europe,227
Villemomble,Francia,Western Europe,Isla de Francia,Europe,228
Gien,Francia,Western Europe,Centro-Valle de Loira,Europe,229
Neuilly-sur-Seine,Francia,Western Europe,Isla de Francia,Europe,230
Viersen,Alemania,Western Europe,Renania del Norte-Westfalia,Europe,231
Verona,Italia,Southern Europe,Véneto,Europe,232
Fano,Italia,Southern Europe,Marche,Europe,233
Gdynia,Polonia,Eastern Europe,Pomerania,Europe,234
Talavera de la Reina,España,Southern Europe,Castilla-La Mancha,Europe,235
Montreuil,Francia,Western Europe,Isla de Francia,Europe,236
Marseille,Francia,Western Europe,Provenza-Alpes-Costa Azul,Europe,237
Lisbon,Portugal,Southern Europe,Lisboa,Europe,238
Wolverhampton,Reino Unido,Northern Europe,Inglaterra,Europe,239
Satu Mare,Rumania,Eastern Europe,Satu Mare,Europe,240
Guadalajara,México,Central America,Jalisco,LATAM,241
Cúcuta,Colombia,South America,Norte de Santander,LATAM,242
Zacatecas,México,Central America,Zacatecas,LATAM,243
Chihuahua,México,Central America,Chihuahua,LATAM,244
Brasília,Brasil,South America,Distrito Federal,LATAM,245
Santarém,Brasil,South America,Pará,LATAM,246
Joinville,Brasil,South America,Santa Catarina,LATAM,247
Monterrey,México,Central America,Nuevo León,LATAM,248
Pitalito,Colombia,South America,Huila,LATAM,249
Querétaro,México,Central America,Querétaro,LATAM,250
Chaguanas,Trinidad y Tobago,Caribbean,Chaguanas,LATAM,251
Hermosillo,México,Central America,Sonora,LATAM,252
Coacalco,México,Central America,México,LATAM,253
Balneário Camboriú,Brasil,South America,Santa Catarina,LATAM,254
Maturín,Venezuela,South America,Monagas,LATAM,255
Parintins,Brasil,South America,Amazonas,LATAM,256
Huehuetenango,Guatemala,Central America,Huehuetenango,LATAM,257
Chinautla,Guatemala,Central America,Guatemala,LATAM,258
Sorocaba,Brasil,South America,São Paulo,LATAM,259
San Justo,Argentina,South America,Santa Fe,LATAM,260
Colombo,Brasil,South America,Paraná,LATAM,261
Itu,Brasil,South America,São Paulo,LATAM,262
Cuernavaca,México,Central America,Morelos,LATAM,263
Águas Lindas de Goiás,Brasil,South America,Goiás,LATAM,264
Vespasiano,Brasil,South America,Minas Gerais,LATAM,265
Bogotá,Colombia,South America,Bogotá,LATAM,266
Bhilai,India,South Asia,Chhattisgarh,Pacific Asia,267
Qingdao,China,Eastern Asia,Shandong,Pacific Asia,268
Herat,Afganistán,South Asia,Herat,Pacific Asia,269
Sydney,Australia,Oceania,Nueva Gales del Sur,Pacific Asia,270
Bandung,Indonesia,Southeast Asia,Java Occidental,Pacific Asia,271
Tongchuan,China,Eastern Asia,Shaanxi,Pacific Asia,272
Ujjain,India,South Asia,Madhya Pradesh,Pacific Asia,273
Balikpapan,Indonesia,Southeast Asia,Kalimantan Oriental,Pacific Asia,274
Pune,India,South Asia,Maharashtra,Pacific Asia,275
Weifang,China,Eastern Asia,Shandong,Pacific Asia,276
Yogyakarta,Indonesia,Southeast Asia,Yogyakarta,Pacific Asia,277
Rockhampton,Australia,Oceania,Queensland,Pacific Asia,278
Siping,China,Eastern Asia,Jilin,Pacific Asia,279
Shanghái,China,Eastern Asia,Shanghái,Pacific Asia,280
Depok,Indonesia,Southeast Asia,Yogyakarta,Pacific Asia,281
Kawasaki,Japón,Eastern Asia,Kanagawa,Pacific Asia,282
Lahore,Pakistán,South Asia,Punyab,Pacific Asia,283
Malang,Indonesia,Southeast Asia,Java Oriental,Pacific Asia,284
Ho Chi Minh City,Vietnam,Southeast Asia,Ciudad Ho Chi Minh,Pacific Asia,285
Shenyang,China,Eastern Asia,Liaoning,Pacific Asia,286
Daegu,Corea del Sur,Eastern Asia,Daegu,Pacific Asia,287
Rajkot,India,South Asia,Guyarat,Pacific Asia,288
Gorakhpur,India,South Asia,Haryana,Pacific Asia,289
Surabaya,Indonesia,Southeast Asia,Java Oriental,Pacific Asia,290
Nagpur,India,South Asia,Maharashtra,Pacific Asia,291
Nakhon Ratchasima,Tailandia,Southeast Asia,Nakhon Ratchasima,Pacific Asia,292
Kota Kinabalu,Malasia,Southeast Asia,Sabah,Pacific Asia,293
Jiutai,China,Eastern Asia,Jilin,Pacific Asia,294
Shantou,China,Eastern Asia,Guangdong,Pacific Asia,295
Cairns,Australia,Oceania,Queensland,Pacific Asia,296
Jaipur,India,South Asia,Rajastán,Pacific Asia,297
Raipur,India,South Asia,Chhattisgarh,Pacific Asia,298
Loudi,China,Eastern Asia,Hunan,Pacific Asia,299
Tipitapa,Nicaragua,Central America,Managua,LATAM,300
Tabuk,Arabia Saudí,West Asia,Tabuk,Pacific Asia,301
Manukau City,Nueva Zelanda,Oceania,Auckland,Pacific Asia,302
Yakarta,Indonesia,Southeast Asia,Yakarta,Pacific Asia,303
Tangerang,Indonesia,Southeast Asia,Java Occidental,Pacific Asia,304
Aurangabad,India,South Asia,Bihar,Pacific Asia,305
Seattle,Estados Unidos,West of USA ,Washington,USCA,306
Oakland,Estados Unidos,West of USA ,California,USCA,307
New York City,Estados Unidos,East of USA,Nueva York,USCA,308
Monroe,Estados Unidos,South of  USA ,Carolina del Norte,USCA,309
Potchefstroom,SudAfrica,Southern Africa,Noroeste,Africa,310
Wiesbaden,Alemania,Western Europe,Hesse,Europe,311
Munich,Alemania,Western Europe,Bavaria,Europe,312
Bobigny,Francia,Western Europe,Isla de Francia,Europe,313
Lille,Francia,Western Europe,Norte-Paso de Calais-Picardía,Europe,314
Giurgiu,Rumania,Eastern Europe,Giurgiu,Europe,315
Tamworth,Reino Unido,Northern Europe,Inglaterra,Europe,316
Lviv,Ucrania,Eastern Europe,Lviv,Europe,317
Hidalgo,México,Central America,Michoacán,LATAM,318
Irapuato,México,Central America,Guanajuato,LATAM,319
Zapopan,México,Central America,Jalisco,LATAM,320
Mauá,Brasil,South America,São Paulo,LATAM,321
Qom,Irán,South Asia,Qom,Pacific Asia,322
Denver,Estados Unidos,West of USA ,Colorado,USCA,323
Jacksonville,Estados Unidos,South of  USA ,Florida,USCA,324
Brindisi,Italia,Southern Europe,Apulia,Europe,325
Hamburgo,Alemania,Western Europe,Hamburgo,Europe,326
The Hague,Países Bajos,Western Europe,Holanda Meridional,Europe,327
Halifax,Reino Unido,Northern Europe,Inglaterra,Europe,328
Ratingen,Alemania,Western Europe,Renania del Norte-Westfalia,Europe,329
Galati,Rumania,Eastern Europe,Galati,Europe,330
Lázaro Cárdenas,México,Central America,Michoacán,LATAM,331
Arnhem,Países Bajos,Western Europe,Güeldres,Europe,332
Parma,Italia,Southern Europe,Emilia-Romaña,Europe,333
Vantaa,Finlandia,Northern Europe,Uusimaa,Europe,334
Rome,Italia,Southern Europe,Lacio,Europe,335
Vicenza,Italia,Southern Europe,Véneto,Europe,336
Wattrelos,Francia,Western Europe,Norte-Paso de Calais-Picardía,Europe,337
Yaroslavl,Rusia,Eastern Europe,Yaroslavl,Europe,338
Hastings,Reino Unido,Northern Europe,Inglaterra,Europe,339
Sheffield,Reino Unido,Northern Europe,Inglaterra,Europe,340
Lowestoft,Reino Unido,Northern Europe,Inglaterra,Europe,341
Turku,Finlandia,Northern Europe,Finlandia del Sudoeste,Europe,342
San Sebastian,España,Southern Europe,País Vasco,Europe,343
Remscheid,Alemania,Western Europe,Renania del Norte-Westfalia,Europe,344
Sterlitamak,Rusia,Eastern Europe,Bashkortostán,Europe,345
Exeter,Reino Unido,Northern Europe,Inglaterra,Europe,346
Pamiers,Francia,Western Europe,Languedoc-Rosellón-Mediodía-Pirineos,Europe,347
Dordrecht,Países Bajos,Western Europe,Holanda Meridional,Europe,348
Strasbourg,Francia,Western Europe,Alsacia-Champaña-Ardenas-Lorena,Europe,349
Alphen aan den Rijn,Países Bajos,Western Europe,Holanda Meridional,Europe,350
Lublin,Polonia,Eastern Europe,Lublin,Europe,351
Dublín,Irlanda,Northern Europe,Dublín,Europe,352
Six-Fours-les-Plages,Francia,Western Europe,Provenza-Alpes-Costa Azul,Europe,353
Rennes,Francia,Western Europe,Bretaña,Europe,354
Capannori,Italia,Southern Europe,Toscana,Europe,355
Reutlingen,Alemania,Western Europe,Baden-Wurtemberg,Europe,356
Palaiseau,Francia,Western Europe,Isla de Francia,Europe,357
Redditch,Reino Unido,Northern Europe,Inglaterra,Europe,358
Leeds,Reino Unido,Northern Europe,Inglaterra,Europe,359
Plymouth,Reino Unido,Northern Europe,Inglaterra,Europe,360
Barcelona,España,Southern Europe,Cataluña,Europe,361
Castelldefels,España,Southern Europe,Cataluña,Europe,362
Oslo,Noruega,Northern Europe,Oslo,Europe,363
Hautmont,Francia,Western Europe,Norte-Paso de Calais-Picardía,Europe,364
Banska Bystrica,Eslovaquia,Eastern Europe,Banská Bystrica,Europe,365
Nacka,Suecia,Northern Europe,Estocolmo,Europe,366
West Bromwich,Reino Unido,Northern Europe,Inglaterra,Europe,367
Milan,Italia,Southern Europe,Lombardía,Europe,368
Basingstoke,Reino Unido,Northern Europe,Inglaterra,Europe,369
Littlehampton,Reino Unido,Northern Europe,Inglaterra,Europe,370
Seville,España,Southern Europe,Andalucía,Europe,371
Moncalieri,Italia,Southern Europe,Piamonte,Europe,372
Seraing,Bélgica,Western Europe,Lieja,Europe,373
Kramators'k,Ucrania,Eastern Europe,Donetsk,Europe,374
Kiel,Alemania,Western Europe,Schleswig-Holstein,Europe,375
Sunderland,Reino Unido,Northern Europe,Inglaterra,Europe,376
Augsburg,Alemania,Western Europe,Bavaria,Europe,377
Cognac,Francia,Western Europe,Aquitania-Lemosín-Poitou-Charentes,Europe,378
Castrop-Rauxel,Alemania,Western Europe,Renania del Norte-Westfalia,Europe,379
Bytom,Polonia,Eastern Europe,Silesia,Europe,380
Durango,México,Central America,Durango,LATAM,381
Serra,Brasil,South America,Espíritu Santo,LATAM,382
Santiago de los Caballeros,República Dominicana,Caribbean,Santiago de Chile,LATAM,383
San Salvador,El Salvador,Central America,San Salvador,LATAM,384
Pinar del Río,Cuba,Caribbean,Pinar del Río,LATAM,385
Araranguá,Brasil,South America,Santa Catarina,LATAM,386
Juárez,México,Central America,Chihuahua,LATAM,387
Puno,Perú,South America,Puno,LATAM,388
Navegantes,Brasil,South America,Santa Catarina,LATAM,389
Tampico,México,Central America,Tamaulipas,LATAM,390
La Paz,Bolivia,South America,La Paz,LATAM,391
Matagalpa,Nicaragua,Central America,Matagalpa,LATAM,392
Cuscatancingo,El Salvador,Central America,San Salvador,LATAM,393
Americana,Brasil,South America,São Paulo,LATAM,394
Indaial,Brasil,South America,Santa Catarina,LATAM,395
Tijuana,México,Central America,Baja California,LATAM,396
Ciudad del Carmen,México,Central America,Campeche,LATAM,397
Santana de Parnaíba,Brasil,South America,São Paulo,LATAM,398
Limeira,Brasil,South America,São Paulo,LATAM,399
Valencia,Venezuela,South America,Carabobo,LATAM,400
Santiago de Chile,Chile,South America,Santiago de Chile,LATAM,401
Macapá,Brasil,South America,Amapá,LATAM,402
Portmore,Jamaica,Caribbean,Santa Caterina,LATAM,403
Saltillo,México,Central America,Coahuila,LATAM,404
Guantánamo,Cuba,Caribbean,Guantánamo,LATAM,405
Cartago,Colombia,South America,Valle del Cauca,LATAM,406
Arequipa,Perú,South America,Arequipa,LATAM,407
Atlixco,México,Central America,Puebla,LATAM,408
Rio Branco,Brasil,South America,Acre,LATAM,409
Ayacucho,Perú,South America,Ayacucho,LATAM,410
Vassouras,Brasil,South America,Río de Janeiro,LATAM,411
Hyderabad,India,South Asia,Telangana,Pacific Asia,412
Jiangyan,China,Eastern Asia,Jiangsu,Pacific Asia,413
Christchurch,Nueva Zelanda,Oceania,Canterbury,Pacific Asia,414
Masterton,Nueva Zelanda,Oceania,Wellington,Pacific Asia,415
Daqing,China,Eastern Asia,Heilongjiang,Pacific Asia,416
Albury,Australia,Oceania,Nueva Gales del Sur,Pacific Asia,417
Valenzuela,Filipinas,Southeast Asia,Capital Nacional,Pacific Asia,418
Antipolo,Filipinas,Southeast Asia,Calabarzón,Pacific Asia,419
Borujerd,Irán,South Asia,Lorestan,Pacific Asia,420
Izmir,Turquía,West Asia,Izmir,Pacific Asia,421
Shulan,China,Eastern Asia,Jilin,Pacific Asia,422
Antalya,Turquía,West Asia,Antalya,Pacific Asia,423
Taizz,Yemen,West Asia,Taiz,Pacific Asia,424
Yangzhou,China,Eastern Asia,Jiangsu,Pacific Asia,425
Asahikawa,Japón,Eastern Asia,Hokkaido,Pacific Asia,426
Valencia,Filipinas,Southeast Asia,Mindanao Septentrional,Pacific Asia,427
Khouribga,Marruecos,North Africa,Chauía-Uardiga,Africa,428
Accra,Ghana,West Africa,Gran Accra,Africa,429
Boghni,Argelia,North Africa,Tizi Ouzou,Africa,430
Meknes,Marruecos,North Africa,Mequinez-Tafilalet,Africa,431
Thika,Kenia,East Africa,Central,Africa,432
Ad Diwem,Sudán,North Africa,Nilo Blanco,Africa,433
Alexandria,Egipto,North Africa,Alejandría,Africa,434
Kalemie,República Democrática del Congo,Central Africa,Katanga,Africa,435
Wad Madani,Sudán,North Africa,Gezira,Africa,436
Mogadishu,Somalia,East Africa,Benadir,Africa,437
Kindia,Guinea,West Africa,Kindia,Africa,438
Taza,Marruecos,North Africa,Taza-Alhucemas-Taunat,Africa,439
Dire Dawa,Etiopía,East Africa,Dire Dawa,Africa,440
Turin,Italia,Southern Europe,Piamonte,Europe,441
Cologne,Alemania,Western Europe,Renania del Norte-Westfalia,Europe,442
Uvarovo,Rusia,Eastern Europe,Tambov,Europe,443
Southend-on-Sea,Reino Unido,Northern Europe,Inglaterra,Europe,444
Widnes,Reino Unido,Northern Europe,Inglaterra,Europe,445
Carpentras,Francia,Western Europe,Provenza-Alpes-Costa Azul,Europe,446
Utrecht,Países Bajos,Western Europe,Utrecht,Europe,447
Genk,Bélgica,Western Europe,Limburgo,Europe,448
Gloucester,Reino Unido,Northern Europe,Inglaterra,Europe,449
Helsinki,Finlandia,Northern Europe,Uusimaa,Europe,450
Miramas,Francia,Western Europe,Provenza-Alpes-Costa Azul,Europe,451
Sofia,Bulgaria,Eastern Europe,Sofía-Ciudad,Europe,452
Granada,España,Southern Europe,Andalucía,Europe,453
Mont-Saint-Aignan,Francia,Western Europe,Normandía,Europe,454
Berlín,Alemania,Western Europe,Berlín,Europe,455
Cagliari,Italia,Southern Europe,Cerdeña,Europe,456
Erftstadt,Alemania,Western Europe,Renania del Norte-Westfalia,Europe,457
Harrow,Reino Unido,Northern Europe,Inglaterra,Europe,458
Pescara,Italia,Southern Europe,Abruzos,Europe,459
Tourcoing,Francia,Western Europe,Norte-Paso de Calais-Picardía,Europe,460
Afragola,Italia,Southern Europe,Campania,Europe,461
Lugansk,Ucrania,Eastern Europe,Lugansk,Europe,462
Doncaster,Reino Unido,Northern Europe,Inglaterra,Europe,463
Bry-sur-Marne,Francia,Western Europe,Isla de Francia,Europe,464
Charleroi,Bélgica,Western Europe,Henao,Europe,465
Niort,Francia,Western Europe,Aquitania-Lemosín-Poitou-Charentes,Europe,466
Venice,Italia,Southern Europe,Véneto,Europe,467
Ulm,Alemania,Western Europe,Baden-Wurtemberg,Europe,468
Cambridge,Reino Unido,Northern Europe,Inglaterra,Europe,469
Siegen,Alemania,Western Europe,Renania del Norte-Westfalia,Europe,470
Las Rozas de Madrid,España,Southern Europe,Madrid,Europe,471
Luton,Reino Unido,Northern Europe,Inglaterra,Europe,472
Verdun,Francia,Western Europe,Alsacia-Champaña-Ardenas-Lorena,Europe,473
Conflans-Sainte-Honorine,Francia,Western Europe,Isla de Francia,Europe,474
Sesto San Giovanni,Italia,Southern Europe,Lombardía,Europe,475
Bondy,Francia,Western Europe,Isla de Francia,Europe,476
Valencia,España,Southern Europe,Valenciana,Europe,477
Noisy-le-Grand,Francia,Western Europe,Isla de Francia,Europe,478
Elx,España,Southern Europe,Valenciana,Europe,479
Gronau,Alemania,Western Europe,Renania del Norte-Westfalia,Europe,480
Frankfurt,Alemania,Western Europe,Hesse,Europe,481
Rotherham,Reino Unido,Northern Europe,Inglaterra,Europe,482
Savigny-le-Temple,Francia,Western Europe,Isla de Francia,Europe,483
La Seyne-sur-Mer,Francia,Western Europe,Provenza-Alpes-Costa Azul,Europe,484
Fuji,Japón,Eastern Asia,Shizuoka,Pacific Asia,485
Suzhou,China,Eastern Asia,Anhui,Pacific Asia,486
Changwon,Corea del Sur,Eastern Asia,Gyeongsangnam,Pacific Asia,487
Baoding,China,Eastern Asia,Hebei,Pacific Asia,488
Port Macquarie,Australia,Oceania,Nueva Gales del Sur,Pacific Asia,489
Vijayawada,India,South Asia,Andhra Pradesh,Pacific Asia,490
Termez,Uzbekistán,Central Asia,Surjandarín,Pacific Asia,491
Bishkek,Kirguistán,Central Asia,Bishkek,Pacific Asia,492
Pekín,China,Eastern Asia,Pekín,Pacific Asia,493
Thane,India,South Asia,Maharashtra,Pacific Asia,494
Mumbai,India,South Asia,Maharashtra,Pacific Asia,495
Durgapur,India,South Asia,Bengala Occidental,Pacific Asia,496
Samarinda,Indonesia,Southeast Asia,Kalimantan Oriental,Pacific Asia,497
Bacolod City,Filipinas,Southeast Asia,Visayas Occidental,Pacific Asia,498
Lismore,Australia,Oceania,Nueva Gales del Sur,Pacific Asia,499
Bhavnagar,India,South Asia,Guyarat,Pacific Asia,500
Angeles City,Filipinas,Southeast Asia,Luzón Central,Pacific Asia,501
Corlu,Turquía,West Asia,Tekirdag,Pacific Asia,502
Jeddah,Arabia Saudí,West Asia,Meca,Pacific Asia,503
K'ut'aisi,Georgia,West Asia,Imericia,Pacific Asia,504
Hirakata,Japón,Eastern Asia,Osaka,Pacific Asia,505
Neijiang,China,Eastern Asia,Sichuan,Pacific Asia,506
Shanwei,China,Eastern Asia,Guangdong,Pacific Asia,507
Waitakere,Nueva Zelanda,Oceania,Auckland,Pacific Asia,508
Mangalore,India,South Asia,Karnataka,Pacific Asia,509
Kathmandu,Nepal,South Asia,Central,Pacific Asia,510
Kendari,Indonesia,Southeast Asia,Célebes Suroriental,Pacific Asia,511
Probolinggo,Indonesia,Southeast Asia,Java Oriental,Pacific Asia,512
Jixi,China,Eastern Asia,Heilongjiang,Pacific Asia,513
Darwin,Australia,Oceania,Territorio del Norte,Pacific Asia,514
Rasht,Irán,South Asia,Guilán,Pacific Asia,515
Ahvaz,Irán,South Asia,Juzestán,Pacific Asia,516
Arnsberg,Alemania,Western Europe,Renania del Norte-Westfalia,Europe,517
Genoa,Italia,Southern Europe,Liguria,Europe,518
Toulouse,Francia,Western Europe,Languedoc-Rosellón-Mediodía-Pirineos,Europe,519
Waterlooville,Reino Unido,Northern Europe,Inglaterra,Europe,520
Leipzig,Alemania,Western Europe,Sajonia,Europe,521
Vanves,Francia,Western Europe,Isla de Francia,Europe,522
Meyzieu,Francia,Western Europe,Auvernia-Ródano-Alpes,Europe,523
Mulhouse,Francia,Western Europe,Alsacia-Champaña-Ardenas-Lorena,Europe,524
Leicester,Reino Unido,Northern Europe,Inglaterra,Europe,525
Chelles,Francia,Western Europe,Isla de Francia,Europe,526
Marbella,España,Southern Europe,Andalucía,Europe,527
Florence,Italia,Southern Europe,Toscana,Europe,528
Kashira,Rusia,Eastern Europe,Moscú,Europe,529
Cholet,Francia,Western Europe,Países del Loira,Europe,530
Bochum,Alemania,Western Europe,Renania del Norte-Westfalia,Europe,531
Annecy,Francia,Western Europe,Auvernia-Ródano-Alpes,Europe,532
Magdeburg,Alemania,Western Europe,Sajonia-Anhalt,Europe,533
Amberes,Bélgica,Western Europe,Amberes,Europe,534
Makhachkala,Rusia,Eastern Europe,Daguestán,Europe,535
Cheliábinsk,Rusia,Eastern Europe,Cheliábinsk,Europe,536
Brandenburgo,Alemania,Western Europe,Brandenburgo,Europe,537
Wetzlar,Alemania,Western Europe,Hesse,Europe,538
Pertuis,Francia,Western Europe,Provenza-Alpes-Costa Azul,Europe,539
Torrevieja,España,Southern Europe,Valenciana,Europe,540
Cagnes-sur-Mer,Francia,Western Europe,Provenza-Alpes-Costa Azul,Europe,541
Nanterre,Francia,Western Europe,Isla de Francia,Europe,542
Vichy,Francia,Western Europe,Auvernia,Europe,543
Lohne,Alemania,Western Europe,Baja Sajonia,Europe,544
Le Mans,Francia,Western Europe,Países del Loira,Europe,545
Bordeaux,Francia,Western Europe,Aquitania-Lemosín-Poitou-Charentes,Europe,546
Astracán,Rusia,Eastern Europe,Astracán,Europe,547
Rouen,Francia,Western Europe,Normandía,Europe,548
Stuttgart,Alemania,Western Europe,Baden-Wurtemberg,Europe,549
Peterborough,Reino Unido,Northern Europe,Inglaterra,Europe,550
Montecatini Terme,Italia,Southern Europe,Toscana,Europe,551
Warsaw,Polonia,Eastern Europe,Mazovia,Europe,552
Huelva,España,Southern Europe,Andalucía,Europe,553
Reggio nell'Emilia,Italia,Southern Europe,Emilia-Romaña,Europe,554
Le Bouscat,Francia,Western Europe,Aquitania-Lemosín-Poitou-Charentes,Europe,555
Derbent,Rusia,Eastern Europe,Daguestán,Europe,556
Crewe,Reino Unido,Northern Europe,Inglaterra,Europe,557
Paris,Francia,Western Europe,Isla de Francia,Europe,558
Bognor Regis,Reino Unido,Northern Europe,Inglaterra,Europe,559
Biarritz,Francia,Western Europe,Aquitania-Lemosín-Poitou-Charentes,Europe,560
Aix-en-Provence,Francia,Western Europe,Provenza-Alpes-Costa Azul,Europe,561
Registro,Brasil,South America,São Paulo,LATAM,562
Presidente Dutra,Brasil,South America,Marañón,LATAM,563
Villa Canales,Guatemala,Central America,Guatemala,LATAM,564
Jiutepec,México,Central America,Morelos,LATAM,565
Brumado,Brasil,South America,Bahía,LATAM,566
Teresópolis,Brasil,South America,Río de Janeiro,LATAM,567
Guarulhos,Brasil,South America,São Paulo,LATAM,568
Bornova,Turquía,West Asia,Izmir,Pacific Asia,569
Salihli,Turquía,West Asia,Manisa,Pacific Asia,570
Tel Aviv,Israel,West Asia,Tel Aviv,Pacific Asia,571
Astaná,Kazajistán,Central Asia,Astaná,Pacific Asia,572
Launceston,Australia,Oceania,Tasmania,Pacific Asia,573
Ranchi,India,South Asia,Jharkhand,Pacific Asia,574
New Plymouth,Nueva Zelanda,Oceania,Taranaki,Pacific Asia,575
Heyuan,China,Eastern Asia,Guangdong,Pacific Asia,576
Saveh,Irán,South Asia,Markazí,Pacific Asia,577
Durg,India,South Asia,Chhattisgarh,Pacific Asia,578
Makati,Filipinas,Southeast Asia,Capital Nacional,Pacific Asia,579
Xinyi,China,Eastern Asia,Guangdong,Pacific Asia,580
Lianzhou,China,Eastern Asia,Guangdong,Pacific Asia,581
Eskisehir,Turquía,West Asia,Eskisehir,Pacific Asia,582
Armidale,Australia,Oceania,Nueva Gales del Sur,Pacific Asia,583
Tamworth,Australia,Oceania,Nueva Gales del Sur,Pacific Asia,584
Jambi,Indonesia,Southeast Asia,Jambi,Pacific Asia,585
Xuzhou,China,Eastern Asia,Jiangsu,Pacific Asia,586
Wuhan,China,Eastern Asia,Hubei,Pacific Asia,587
Hobart,Australia,Oceania,Tasmania,Pacific Asia,588
Sincan,Turquía,West Asia,Ankara,Pacific Asia,589
Mackay,Australia,Oceania,Queensland,Pacific Asia,590
Yuci,China,Eastern Asia,Shanxi,Pacific Asia,591
Fukui,Japón,Eastern Asia,Fukui,Pacific Asia,592
Caloocan,Filipinas,Southeast Asia,Capital Nacional,Pacific Asia,593
Basra,Irak,West Asia,Basora,Pacific Asia,594
Belgaum,India,South Asia,Karnataka,Pacific Asia,595
Cainta,Filipinas,Southeast Asia,Calabarzón,Pacific Asia,596
Auckland,Nueva Zelanda,Oceania,Auckland,Pacific Asia,597
Taupo,Nueva Zelanda,Oceania,Waikato,Pacific Asia,598
Gujranwala,Pakistán,South Asia,Punyab,Pacific Asia,599
Sarkand,Kazajistán,Central Asia,Almaty,Pacific Asia,600
Ajman,Emiratos Árabes Unidos,West Asia,Ajmán,Pacific Asia,601
Zhuhai,China,Eastern Asia,Guangdong,Pacific Asia,602
Bucheon,Corea del Sur,Eastern Asia,Gyeonggi,Pacific Asia,603
Nelson,Nueva Zelanda,Oceania,Nelson,Pacific Asia,604
Yichun,China,Eastern Asia,Jiangxi,Pacific Asia,605
Solapur,India,South Asia,Maharashtra,Pacific Asia,606
Chongqing,China,Eastern Asia,Chongqing,Pacific Asia,607
Zhaoqing,China,Eastern Asia,Guangdong,Pacific Asia,608
Tegal,Indonesia,Southeast Asia,Java Central,Pacific Asia,609
Bihar Sharif,India,South Asia,Bihar,Pacific Asia,610
Taixing,China,Eastern Asia,Jiangsu,Pacific Asia,611
Mardan,Pakistán,South Asia,Jaiber Pajtunjuá,Pacific Asia,612
Xinzhou,China,Eastern Asia,Shanxi,Pacific Asia,613
Nanchong,China,Eastern Asia,Sichuan,Pacific Asia,614
Nom Pen,Camboya,Southeast Asia,Nom Pen,Pacific Asia,615
Patna,India,South Asia,Bihar,Pacific Asia,616
Faridabad,India,South Asia,Haryana,Pacific Asia,617
Maryborough,Australia,Oceania,Queensland,Pacific Asia,618
Huangshan,China,Eastern Asia,Anhui,Pacific Asia,619
Kwinana,Australia,Oceania,Australia Occidental,Pacific Asia,620
Madurai,India,South Asia,Tamil Nadu,Pacific Asia,621
Wenzhou,China,Eastern Asia,Zhejiang,Pacific Asia,622
Suzhou,China,Eastern Asia,Jiangsu,Pacific Asia,623
Chengdu,China,Eastern Asia,Sichuan,Pacific Asia,624
Huadian,China,Eastern Asia,Jilin,Pacific Asia,625
Fatehpur,India,South Asia,Rajastán,Pacific Asia,626
Yancheng,China,Eastern Asia,Jiangsu,Pacific Asia,627
Kediri,Indonesia,Southeast Asia,Java Oriental,Pacific Asia,628
Coffs Harbour,Australia,Oceania,Nueva Gales del Sur,Pacific Asia,629
Surakarta,Indonesia,Southeast Asia,Java Central,Pacific Asia,630
Bacoor,Filipinas,Southeast Asia,Calabarzón,Pacific Asia,631
Bundaberg,Australia,Oceania,Queensland,Pacific Asia,632
Ipoh,Malasia,Southeast Asia,Perak,Pacific Asia,633
Tongchuan,China,Eastern Asia,Sichuan,Pacific Asia,634
Goyang,Corea del Sur,Eastern Asia,Gyeonggi,Pacific Asia,635
Pasig,Filipinas,Southeast Asia,Capital Nacional,Pacific Asia,636
Ichalkaranji,India,South Asia,Maharashtra,Pacific Asia,637
Palembang,Indonesia,Southeast Asia,Sumatra Meridional,Pacific Asia,638
Kota,India,South Asia,Rajastán,Pacific Asia,639
São Bernardo do Campo,Brasil,South America,São Paulo,LATAM,640
San Martín,El Salvador,Central America,Cuscatlán,LATAM,641
Ocotlán,México,Central America,Jalisco,LATAM,642
Kabul,Afganistán,South Asia,Kabul,Pacific Asia,643
Tulsa,Estados Unidos,US Center ,Oklahoma,USCA,644
Moreno Valley,Estados Unidos,West of USA ,California,USCA,645
Zaria,Nigeria,West Africa,Kaduna,Africa,646
Kampala,Uganda,East Africa,Kampala,Africa,647
Port Harcourt,Nigeria,West Africa,Ríos,Africa,648
Johannesburg,SudAfrica,Southern Africa,Gauteng,Africa,649
Minna,Nigeria,West Africa,Níger,Africa,650
Constantina,Argelia,North Africa,Constantina,Africa,651
Abakaliki,Nigeria,West Africa,Ebonyi,Africa,652
Stellenbosch,SudAfrica,Southern Africa,Cabo Occidental,Africa,653
Tangier,Marruecos,North Africa,Tánger-Tetuán,Africa,654
Maseru,Lesoto,Southern Africa,Maseru,Africa,655
Soweto,SudAfrica,Southern Africa,Gauteng,Africa,656
Fontenay-aux-Roses,Francia,Western Europe,Isla de Francia,Europe,657
Badalona,España,Southern Europe,Cataluña,Europe,658
Gothenburg,Suecia,Northern Europe,Västra Götaland,Europe,659
Glasgow,Reino Unido,Northern Europe,Escocia,Europe,660
Monza,Italia,Southern Europe,Lombardía,Europe,661
Swindon,Reino Unido,Northern Europe,Inglaterra,Europe,662
Brest,Francia,Western Europe,Bretaña,Europe,663
Le Chesnay,Francia,Western Europe,Isla de Francia,Europe,664
Malakoff,Francia,Western Europe,Isla de Francia,Europe,665
Valladolid,España,Southern Europe,Castilla y León,Europe,666
Sevran,Francia,Western Europe,Isla de Francia,Europe,667
Vincennes,Francia,Western Europe,Isla de Francia,Europe,668
Caen,Francia,Western Europe,Normandía,Europe,669
Nieuwegein,Países Bajos,Western Europe,Utrecht,Europe,670
Darton,Reino Unido,Northern Europe,Inglaterra,Europe,671
Northampton,Reino Unido,Northern Europe,Inglaterra,Europe,672
Halle,Alemania,Western Europe,Renania del Norte-Westfalia,Europe,673
Dniprodzerzhyns'k,Ucrania,Eastern Europe,Dnipropetrovsk,Europe,674
Roissy-en-Brie,Francia,Western Europe,Isla de Francia,Europe,675
Brive-la-Gaillarde,Francia,Western Europe,Aquitania-Lemosín-Poitou-Charentes,Europe,676
Le Petit-Quevilly,Francia,Western Europe,Normandía,Europe,677
Trier,Alemania,Western Europe,Renania-Palatinado,Europe,678
Gdansk,Polonia,Eastern Europe,Pomerania,Europe,679
Velbert,Alemania,Western Europe,Renania del Norte-Westfalia,Europe,680
Avignon,Francia,Western Europe,Provenza-Alpes-Costa Azul,Europe,681
Preston,Reino Unido,Northern Europe,Inglaterra,Europe,682
Trapani,Italia,Southern Europe,Sicilia,Europe,683
Aprilia,Italia,Southern Europe,Lacio,Europe,684
Meudon,Francia,Western Europe,Isla de Francia,Europe,685
Mykolayiv,Ucrania,Eastern Europe,Mykolayiv,Europe,686
Colchester,Reino Unido,Northern Europe,Inglaterra,Europe,687
Cosenza,Italia,Southern Europe,Calabria,Europe,688
Hasselt,Bélgica,Western Europe,Limburgo,Europe,689
Rostock,Alemania,Western Europe,Mecklemburgo-Pomerania Occidental,Europe,690
Tours,Francia,Western Europe,Centro-Valle de Loira,Europe,691
Altamura,Italia,Southern Europe,Apulia,Europe,692
Toulon,Francia,Western Europe,Provenza-Alpes-Costa Azul,Europe,693
Vilna,Lituania,Northern Europe,Vilna,Europe,694
Lincoln,Reino Unido,Northern Europe,Inglaterra,Europe,695
Aschaffenburg,Alemania,Western Europe,Bavaria,Europe,696
Bremen,Alemania,Western Europe,Bremen,Europe,697
Heidelberg,Alemania,Western Europe,Baden-Wurtemberg,Europe,698
Bilbao,España,Southern Europe,País Vasco,Europe,699
Wuppertal,Alemania,Western Europe,Renania del Norte-Westfalia,Europe,700
Mont-de-Marsan,Francia,Western Europe,Aquitania-Lemosín-Poitou-Charentes,Europe,701
Stoke-on-Trent,Reino Unido,Northern Europe,Inglaterra,Europe,702
Garches,Francia,Western Europe,Isla de Francia,Europe,703
Pozzuoli,Italia,Southern Europe,Campania,Europe,704
Zwickau,Alemania,Western Europe,Sajonia,Europe,705
Offenbach,Alemania,Western Europe,Hesse,Europe,706
Dnipropetrovsk,Ucrania,Eastern Europe,Dnipropetrovsk,Europe,707
La Baule-Escoublac,Francia,Western Europe,Países del Loira,Europe,708
Wigan,Reino Unido,Northern Europe,Inglaterra,Europe,709
Mons-en-Baroeul,Francia,Western Europe,Norte-Paso de Calais-Picardía,Europe,710
Timisoara,Rumania,Eastern Europe,Timis,Europe,711
Berne,Suiza,Western Europe,Berna,Europe,712
Aberdeen,Reino Unido,Northern Europe,Escocia,Europe,713
Celle,Alemania,Western Europe,Baja Sajonia,Europe,714
Treviso,Italia,Southern Europe,Véneto,Europe,715
Le Blanc-Mesnil,Francia,Western Europe,Isla de Francia,Europe,716
Dijon,Francia,Western Europe,Borgoña-Franco Condado,Europe,717
Antony,Francia,Western Europe,Isla de Francia,Europe,718
Carrara,Italia,Southern Europe,Toscana,Europe,719
Budapest,Hungría,Eastern Europe,Budapest,Europe,720
Castres,Francia,Western Europe,Languedoc-Rosellón-Mediodía-Pirineos,Europe,721
Doetinchem,Países Bajos,Western Europe,Güeldres,Europe,722
Marignane,Francia,Western Europe,Provenza-Alpes-Costa Azul,Europe,723
Pamplona,España,Southern Europe,Navarra,Europe,724
Ajaccio,Francia,Western Europe,Corse,Europe,725
Garforth,Reino Unido,Northern Europe,Inglaterra,Europe,726
Ingolstadt,Alemania,Western Europe,Bavaria,Europe,727
Martigues,Francia,Western Europe,Provenza-Alpes-Costa Azul,Europe,728
Courbevoie,Francia,Western Europe,Isla de Francia,Europe,729
Franconville,Francia,Western Europe,Isla de Francia,Europe,730
Copenhagen,Dinamarca,Northern Europe,Región Capital,Europe,731
Mantes-la-Jolie,Francia,Western Europe,Isla de Francia,Europe,732
Erlangen,Alemania,Western Europe,Bavaria,Europe,733
Chaumont,Francia,Western Europe,Alsacia-Champaña-Ardenas-Lorena,Europe,734
Lannion,Francia,Western Europe,Bretaña,Europe,735
Burgos,España,Southern Europe,Castilla y León,Europe,736
Corbeil-Essonnes,Francia,Western Europe,Isla de Francia,Europe,737
Dabrowa Gornicza,Polonia,Eastern Europe,Silesia,Europe,738
Porto,Portugal,Southern Europe,Porto,Europe,739
Swansea,Reino Unido,Northern Europe,Gales,Europe,740
Wolfsburg,Alemania,Western Europe,Baja Sajonia,Europe,741
Versailles,Francia,Western Europe,Isla de Francia,Europe,742
Argenteuil,Francia,Western Europe,Isla de Francia,Europe,743
Emmen,Países Bajos,Western Europe,Drenthe,Europe,744
Herten,Alemania,Western Europe,Renania del Norte-Westfalia,Europe,745
Saint-Malo,Francia,Western Europe,Bretaña,Europe,746
Blagoveshchensk,Rusia,Eastern Europe,Amur,Europe,747
Vitoria,España,Southern Europe,País Vasco,Europe,748
Muret,Francia,Western Europe,Languedoc-Rosellón-Mediodía-Pirineos,Europe,749
Bari,Italia,Southern Europe,Apulia,Europe,750
Essen,Alemania,Western Europe,Renania del Norte-Westfalia,Europe,751
Clichy-sous-Bois,Francia,Western Europe,Isla de Francia,Europe,752
Gennevilliers,Francia,Western Europe,Isla de Francia,Europe,753
Karlstad,Suecia,Northern Europe,Värmland,Europe,754
Maidstone,Reino Unido,Northern Europe,Inglaterra,Europe,755
Salzburgo,Austria,Western Europe,Salzburgo,Europe,756
Herford,Alemania,Western Europe,Renania del Norte-Westfalia,Europe,757
Creil,Francia,Western Europe,Norte-Paso de Calais-Picardía,Europe,758
Langenfeld,Alemania,Western Europe,Renania del Norte-Westfalia,Europe,759
Saint-Germain-en-Laye,Francia,Western Europe,Isla de Francia,Europe,760
Rillieux-la-Pape,Francia,Western Europe,Auvernia-Ródano-Alpes,Europe,761
Mougins,Francia,Western Europe,Provenza-Alpes-Costa Azul,Europe,762
Rambouillet,Francia,Western Europe,Isla de Francia,Europe,763
Dresden,Alemania,Western Europe,Sajonia,Europe,764
Espoo,Finlandia,Northern Europe,Uusimaa,Europe,765
Aubervilliers,Francia,Western Europe,Isla de Francia,Europe,766
Carrefour,Haití,Caribbean,Ouest,LATAM,767
Pirapora,Brasil,South America,Minas Gerais,LATAM,768
Tartagal,Argentina,South America,Salta,LATAM,769
Quetzaltenango,Guatemala,Central America,Quezaltenango,LATAM,770
Panama City,Panamá,Central America,Panamá,LATAM,771
Bolton,Reino Unido,Northern Europe,Inglaterra,Europe,772
Grigny,Francia,Western Europe,Isla de Francia,Europe,773
Great Yarmouth,Reino Unido,Northern Europe,Inglaterra,Europe,774
Calais,Francia,Western Europe,Norte-Paso de Calais-Picardía,Europe,775
Gallarate,Italia,Southern Europe,Lombardía,Europe,776
Chartres,Francia,Western Europe,Centro-Valle de Loira,Europe,777
Torremolinos,España,Southern Europe,Andalucía,Europe,778
Chemnitz,Alemania,Western Europe,Sajonia,Europe,779
Zeist,Países Bajos,Western Europe,Utrecht,Europe,780
Friedrichshafen,Alemania,Western Europe,Baden-Wurtemberg,Europe,781
Mechelen,Bélgica,Western Europe,Amberes,Europe,782
Piacenza,Italia,Southern Europe,Emilia-Romaña,Europe,783
Palma de Mallorca,España,Southern Europe,Islas Baleares,Europe,784
Le Havre,Francia,Western Europe,Normandía,Europe,785
Bayonne,Francia,Western Europe,Aquitania-Lemosín-Poitou-Charentes,Europe,786
Sumy,Ucrania,Eastern Europe,Sumy,Europe,787
Menton,Francia,Western Europe,Provenza-Alpes-Costa Azul,Europe,788
Brescia,Italia,Southern Europe,Lombardía,Europe,789
Bacau,Rumania,Eastern Europe,Bacau,Europe,790
Pantin,Francia,Western Europe,Isla de Francia,Europe,791
Bologna,Italia,Southern Europe,Emilia-Romaña,Europe,792
Kotka,Finlandia,Northern Europe,Kymenlaakso,Europe,793
Opole,Polonia,Eastern Europe,Opole,Europe,794
Sarcelles,Francia,Western Europe,Isla de Francia,Europe,795
Oosterhout,Países Bajos,Western Europe,Brabante Septentrional,Europe,796
Heilbronn,Alemania,Western Europe,Baden-Wurtemberg,Europe,797
Aulnay-sous-Bois,Francia,Western Europe,Isla de Francia,Europe,798
Vigneux-sur-Seine,Francia,Western Europe,Isla de Francia,Europe,799
Recklinghausen,Alemania,Western Europe,Renania del Norte-Westfalia,Europe,800
Stockton-on-Tees,Reino Unido,Northern Europe,Inglaterra,Europe,801
Cerignola,Italia,Southern Europe,Apulia,Europe,802
Clamart,Francia,Western Europe,Isla de Francia,Europe,803
Veenendaal,Países Bajos,Western Europe,Utrecht,Europe,804
Carpi,Italia,Southern Europe,Emilia-Romaña,Europe,805
Carcassonne,Francia,Western Europe,Languedoc-Rosellón-Mediodía-Pirineos,Europe,806
Garbsen,Alemania,Western Europe,Baja Sajonia,Europe,807
Dreux,Francia,Western Europe,Centro-Valle de Loira,Europe,808
Mazyr,Bielorrusia,Eastern Europe,Gómel,Europe,809
Sandnes,Noruega,Northern Europe,Rogaland,Europe,810
Rijeka,Croacia,Southern Europe,Primorje-Gorski Kotar,Europe,811
Catania,Italia,Southern Europe,Sicilia,Europe,812
La Teste-de-Buch,Francia,Western Europe,Aquitania-Lemosín-Poitou-Charentes,Europe,813
Tarbes,Francia,Western Europe,Languedoc-Rosellón-Mediodía-Pirineos,Europe,814
Pessac,Francia,Western Europe,Aquitania-Lemosín-Poitou-Charentes,Europe,815
Bayeux,Francia,Western Europe,Normandía,Europe,816
Ronchin,Francia,Western Europe,Norte-Paso de Calais-Picardía,Europe,817
Carlisle,Reino Unido,Northern Europe,Inglaterra,Europe,818
Kaunas,Lituania,Northern Europe,Kaunas,Europe,819
Rugby,Reino Unido,Northern Europe,Inglaterra,Europe,820
Vínnytsia,Ucrania,Eastern Europe,Vínnytsia,Europe,821
Derby,Reino Unido,Northern Europe,Inglaterra,Europe,822
Dormagen,Alemania,Western Europe,Renania del Norte-Westfalia,Europe,823
Ginebra,Suiza,Western Europe,Ginebra,Europe,824
Gera,Alemania,Western Europe,Turingia,Europe,825
Mantes-la-Ville,Francia,Western Europe,Isla de Francia,Europe,826
Bebington,Reino Unido,Northern Europe,Inglaterra,Europe,827
Novara,Italia,Southern Europe,Piamonte,Europe,828
Angarsk,Rusia,Eastern Europe,Irkutsk,Europe,829
Ploiesti,Rumania,Eastern Europe,Prahova,Europe,830
Loughborough,Reino Unido,Northern Europe,Inglaterra,Europe,831
Deuil-la-Barre,Francia,Western Europe,Isla de Francia,Europe,832
Járkov,Ucrania,Eastern Europe,Járkov,Europe,833
Tarragona,España,Southern Europe,Cataluña,Europe,834
Pontivy,Francia,Western Europe,Bretaña,Europe,835
Cheltenham,Reino Unido,Northern Europe,Inglaterra,Europe,836
Zamora,España,Southern Europe,Castilla y León,Europe,837
Villenave-d'Ornon,Francia,Western Europe,Aquitania-Lemosín-Poitou-Charentes,Europe,838
Le Plessis-Robinson,Francia,Western Europe,Isla de Francia,Europe,839
Roanne,Francia,Western Europe,Auvernia-Ródano-Alpes,Europe,840
Posadas,Argentina,South America,Misiones,LATAM,841
Culiacán,México,Central America,Sinaloa,LATAM,842
Cienfuegos,Cuba,Caribbean,Cienfuegos,LATAM,843
Birigui,Brasil,South America,São Paulo,LATAM,844
Denizli,Turquía,West Asia,Denizli,Pacific Asia,845
Guwahati,India,South Asia,Assam,Pacific Asia,846
Jinan,China,Eastern Asia,Shandong,Pacific Asia,847
Corum,Turquía,West Asia,Corum,Pacific Asia,848
Rawalpindi,Pakistán,South Asia,Punyab,Pacific Asia,849
Huainan,China,Eastern Asia,Anhui,Pacific Asia,850
Luoyang,China,Eastern Asia,Fujian,Pacific Asia,851
Hangzhou,China,Eastern Asia,Zhejiang,Pacific Asia,852
Huaiyin,China,Eastern Asia,Jiangsu,Pacific Asia,853
Guangshui,China,Eastern Asia,Hubei,Pacific Asia,854
Baguio City,Filipinas,Southeast Asia,Cordillera,Pacific Asia,855
Vientiane,Laos,Southeast Asia,Prefectura de Vientián,Pacific Asia,856
Gwalior,India,South Asia,Madhya Pradesh,Pacific Asia,857
Hanoi,Vietnam,Southeast Asia,Th? Dô Hà N?i,Pacific Asia,858
Raipur,India,South Asia,Uttarakhand,Pacific Asia,859
Yingcheng,China,Eastern Asia,Hubei,Pacific Asia,860
Qarshi,Uzbekistán,Central Asia,Kashkadar,Pacific Asia,861
Zahedan,Irán,South Asia,Sistán y Baluchistán,Pacific Asia,862
Anjo,Japón,Eastern Asia,Aichi,Pacific Asia,863
Abadan,Irán,South Asia,Juzestán,Pacific Asia,864
Anshan,China,Eastern Asia,Liaoning,Pacific Asia,865
Kuala Terengganu,Malasia,Southeast Asia,Trengganu,Pacific Asia,866
Visakhapatnam,India,South Asia,Andhra Pradesh,Pacific Asia,867
Kollam,India,South Asia,Kerala,Pacific Asia,868
Al Muharraq,Baréin,West Asia,Muharraq,Pacific Asia,869
Zaozhuang,China,Eastern Asia,Shandong,Pacific Asia,870
Xichang,China,Eastern Asia,Sichuan,Pacific Asia,871
Dubbo,Australia,Oceania,Nueva Gales del Sur,Pacific Asia,872
Nellore,India,South Asia,Andhra Pradesh,Pacific Asia,873
Albany,Australia,Oceania,Australia Occidental,Pacific Asia,874
Mount Isa,Australia,Oceania,Queensland,Pacific Asia,875
Clinton,Estados Unidos,East of USA,Maryland,USCA,876
Oswego,Estados Unidos,US Center ,Illinois,USCA,877
Saint Charles,Estados Unidos,US Center ,Illinois,USCA,878
Columbus,Estados Unidos,South of  USA ,Georgia,USCA,879
Decatur,Estados Unidos,US Center ,Illinois,USCA,880
Costa Mesa,Estados Unidos,West of USA ,California,USCA,881
Asheville,Estados Unidos,South of  USA ,Carolina del Norte,USCA,882
Florence,Estados Unidos,South of  USA ,Alabama,USCA,883
Lowell,Estados Unidos,East of USA,Massachusetts,USCA,884
Akron,Estados Unidos,East of USA,Ohio,USCA,885
London,Canada,Canada,Ontario,USCA,886
Springfield,Estados Unidos,South of  USA ,Virginia,USCA,887
Henderson,Estados Unidos,West of USA ,Nevada,USCA,888
North York,Canada,Canada,Ontario,USCA,889
Grand Rapids,Estados Unidos,US Center ,Michigan,USCA,890
Mississauga,Canada,Canada,Ontario,USCA,891
Round Rock,Estados Unidos,US Center ,Texas,USCA,892
Arlington,Estados Unidos,US Center ,Texas,USCA,893
San Diego,Estados Unidos,West of USA ,California,USCA,894
Tucson,Estados Unidos,West of USA ,Arizona,USCA,895
Detroit,Estados Unidos,US Center ,Michigan,USCA,896
Minneapolis,Estados Unidos,US Center ,Minnesota,USCA,897
Charlotte,Estados Unidos,South of  USA ,Carolina del Norte,USCA,898
Windsor,Canada,Canada,Ontario,USCA,899
Newport News,Estados Unidos,South of  USA ,Virginia,USCA,900
Oceanside,Estados Unidos,East of USA,Nueva York,USCA,901
Surrey,Canada,Canada,Columbia británica,USCA,902
San Antonio,Estados Unidos,US Center ,Texas,USCA,903
Omaha,Estados Unidos,US Center ,Nebraska,USCA,904
Baltimore,Estados Unidos,East of USA,Maryland,USCA,905
Dallas,Estados Unidos,US Center ,Texas,USCA,906
Calgary,Canada,Canada,Alberta,USCA,907
Jackson,Estados Unidos,US Center ,Michigan,USCA,908
Columbus,Estados Unidos,East of USA,Ohio,USCA,909
Chicago,Estados Unidos,US Center ,Illinois,USCA,910
Waterbury,Estados Unidos,East of USA,Connecticut,USCA,911
Henderson,Estados Unidos,South of  USA ,Kentucky,USCA,912
Parker,Estados Unidos,West of USA ,Colorado,USCA,913
Fairfield,Estados Unidos,West of USA ,California,USCA,914
Fayún,Egipto,North Africa,Fayún,Africa,915
Bournemouth,Reino Unido,Northern Europe,Inglaterra,Europe,916
Argentan,Francia,Western Europe,Normandía,Europe,917
Saint-Michel-sur-Orge,Francia,Western Europe,Isla de Francia,Europe,918
Ghent,Bélgica,Western Europe,Flanders Oriental,Europe,919
Maisons-Alfort,Francia,Western Europe,Isla de Francia,Europe,920
Solihull,Reino Unido,Northern Europe,Inglaterra,Europe,921
Perpignan,Francia,Western Europe,Languedoc-Rosellón-Mediodía-Pirineos,Europe,922
Ufa,Rusia,Eastern Europe,Bashkortostán,Europe,923
Kumanovo,Macedonia,Southern Europe,Kumanovo,Europe,924
Athis-Mons,Francia,Western Europe,Isla de Francia,Europe,925
Almelo,Países Bajos,Western Europe,Overijssel,Europe,926
Odense,Dinamarca,Northern Europe,Dinamarca Meridional,Europe,927
Bergheim,Alemania,Western Europe,Renania del Norte-Westfalia,Europe,928
Rotterdam,Países Bajos,Western Europe,Holanda Meridional,Europe,929
Kaliningrado,Rusia,Eastern Europe,Kaliningrado,Europe,930
Bergamo,Italia,Southern Europe,Lombardía,Europe,931
Foggia,Italia,Southern Europe,Apulia,Europe,932
Mainz,Alemania,Western Europe,Renania-Palatinado,Europe,933
Kryvyy Rih,Ucrania,Eastern Europe,Dnipropetrovsk,Europe,934
Vila Nova de Gaia,Portugal,Southern Europe,Porto,Europe,935
Fontaine,Francia,Western Europe,Auvernia-Ródano-Alpes,Europe,936
Issy-les-Moulineaux,Francia,Western Europe,Isla de Francia,Europe,937
Apeldoorn,Países Bajos,Western Europe,Güeldres,Europe,938
Slupsk,Polonia,Eastern Europe,Pomerania,Europe,939
Frederiksberg,Dinamarca,Northern Europe,Región Capital,Europe,940
Zagreb,Croacia,Southern Europe,Grad Zagreb,Europe,941
Le Creusot,Francia,Western Europe,Borgoña-Franco Condado,Europe,942
Huddersfield,Reino Unido,Northern Europe,Inglaterra,Europe,943
Hamm,Alemania,Western Europe,Renania del Norte-Westfalia,Europe,944
Marly-le-Roi,Francia,Western Europe,Isla de Francia,Europe,945
Leeuwarden,Países Bajos,Western Europe,Frisia,Europe,946
Budënnovsk,Rusia,Eastern Europe,Stávropol,Europe,947
Dundee,Reino Unido,Northern Europe,Escocia,Europe,948
Bezons,Francia,Western Europe,Isla de Francia,Europe,949
Douarnenez,Francia,Western Europe,Bretaña,Europe,950
Constanza,Rumania,Eastern Europe,Constanza,Europe,951
Guidonia Montecelio,Italia,Southern Europe,Lacio,Europe,952
Viroflay,Francia,Western Europe,Isla de Francia,Europe,953
Freiburg,Alemania,Western Europe,Baden-Wurtemberg,Europe,954
Hamar,Noruega,Northern Europe,Hedmark,Europe,955
Lyon,Francia,Western Europe,Auvernia-Ródano-Alpes,Europe,956
Saint-Quentin,Francia,Western Europe,Norte-Paso de Calais-Picardía,Europe,957
Bagneux,Francia,Western Europe,Isla de Francia,Europe,958
San Galo,Suiza,Western Europe,San Galo,Europe,959
Bayreuth,Alemania,Western Europe,Bavaria,Europe,960
Varna,Bulgaria,Eastern Europe,Varna,Europe,961
Soissons,Francia,Western Europe,Norte-Paso de Calais-Picardía,Europe,962
Ostrava,República Checa,Eastern Europe,Moravia-Silesia,Europe,963
Liberec,República Checa,Eastern Europe,Liberec,Europe,964
Zurich,Suiza,Western Europe,Zúrich,Europe,965
Pau,Francia,Western Europe,Aquitania-Lemosín-Poitou-Charentes,Europe,966
Capua,Italia,Southern Europe,Campania,Europe,967
Ivanovo,Rusia,Eastern Europe,Ivanovo,Europe,968
Melilla,España,Southern Europe,Melilla,Europe,969
Kaluga,Rusia,Eastern Europe,Kaluga,Europe,970
Getafe,España,Southern Europe,Madrid,Europe,971
Munster,Alemania,Western Europe,Baja Sajonia,Europe,972
Arles,Francia,Western Europe,Provenza-Alpes-Costa Azul,Europe,973
Poltava,Ucrania,Eastern Europe,Poltava,Europe,974
Basildon,Reino Unido,Northern Europe,Inglaterra,Europe,975
Upsala,Suecia,Northern Europe,Upsala,Europe,976
Winterthur,Suiza,Western Europe,Zúrich,Europe,977
Grosseto,Italia,Southern Europe,Toscana,Europe,978
Aligudarz,Irán,South Asia,Lorestan,Pacific Asia,979
Taiping,Malasia,Southeast Asia,Perak,Pacific Asia,980
Medina,Arabia Saudí,West Asia,Medina,Pacific Asia,981
Chennai,India,South Asia,Tamil Nadu,Pacific Asia,982
Kuala Lumpur,Malasia,Southeast Asia,Kuala Lumpur,Pacific Asia,983
Ad Diwaniyah,Irak,West Asia,Cadisia,Pacific Asia,984
Kita-ku,Japón,Eastern Asia,Hyogo,Pacific Asia,985
Himeji,Japón,Eastern Asia,Hyogo,Pacific Asia,986
Wagga Wagga,Australia,Oceania,Nueva Gales del Sur,Pacific Asia,987
Bahawalpur,Pakistán,South Asia,Punyab,Pacific Asia,988
Arbil,Irak,West Asia,Arbil,Pacific Asia,989
Xi'an,China,Eastern Asia,Shaanxi,Pacific Asia,990
Nishinomiya,Japón,Eastern Asia,Hyogo,Pacific Asia,991
Shiraz,Irán,South Asia,Fars,Pacific Asia,992
Bokaro,India,South Asia,Jharkhand,Pacific Asia,993
Wellington,Nueva Zelanda,Oceania,Wellington,Pacific Asia,994
Malegaon,India,South Asia,Maharashtra,Pacific Asia,995
Liaocheng,China,Eastern Asia,Shandong,Pacific Asia,996
Zhengzhou,China,Eastern Asia,Henan,Pacific Asia,997
Taizhou,China,Eastern Asia,Jiangsu,Pacific Asia,998
Chittagong,Bangladés,South Asia,Chittagong,Pacific Asia,999
Thiruvananthapuram,India,South Asia,Kerala,Pacific Asia,1000
Atsugacho,Japón,Eastern Asia,Hokkaido,Pacific Asia,1001
Zhanjiang,China,Eastern Asia,Guangdong,Pacific Asia,1002
Jalalabad,Afganistán,South Asia,Nangarhar,Pacific Asia,1003
Soma,Turquía,West Asia,Manisa,Pacific Asia,1004
Rotorua,Nueva Zelanda,Oceania,Bay of Plenty,Pacific Asia,1005
Agra,India,South Asia,Uttar Pradesh,Pacific Asia,1006
Kuantan,Malasia,Southeast Asia,Pahang,Pacific Asia,1007
Yangjiang,China,Eastern Asia,Guangdong,Pacific Asia,1008
Tiflis,Georgia,West Asia,Tiflis,Pacific Asia,1009
Mosul,Irak,West Asia,Nínive,Pacific Asia,1010
Xiaogan,China,Eastern Asia,Hubei,Pacific Asia,1011
Zanyán,Irán,South Asia,Zanyán,Pacific Asia,1012
Jincheng,China,Eastern Asia,Shanxi,Pacific Asia,1013
Depok,Indonesia,Southeast Asia,Java Occidental,Pacific Asia,1014
Mamak,Turquía,West Asia,Ankara,Pacific Asia,1015
Nanchang,China,Eastern Asia,Jiangxi,Pacific Asia,1016
Mianyang,China,Eastern Asia,Sichuan,Pacific Asia,1017
Xianyang,China,Eastern Asia,Shaanxi,Pacific Asia,1018
Luoyang,China,Eastern Asia,Guangdong,Pacific Asia,1019
Nowra,Australia,Oceania,Nueva Gales del Sur,Pacific Asia,1020
Denpasar,Indonesia,Southeast Asia,Bali,Pacific Asia,1021
Nanyang,China,Eastern Asia,Henan,Pacific Asia,1022
Daejeon,Corea del Sur,Eastern Asia,Daejeon,Pacific Asia,1023
Changzhou,China,Eastern Asia,Jiangsu,Pacific Asia,1024
Gisborne,Nueva Zelanda,Oceania,Gisborne,Pacific Asia,1025
Colombo,Sri Lanka,South Asia,Occidental,Pacific Asia,1026
Takatsuki,Japón,Eastern Asia,Osaka,Pacific Asia,1027
Devonport,Australia,Oceania,Tasmania,Pacific Asia,1028
Rach Gia,Vietnam,Southeast Asia,Kiên Giang,Pacific Asia,1029
Bandar Abbas,Irán,South Asia,Hormozgán,Pacific Asia,1030
Alexandria,Estados Unidos,South of  USA ,Virginia,USCA,1031
Huntsville,Estados Unidos,South of  USA ,Alabama,USCA,1032
Newark,Estados Unidos,East of USA,Delaware,USCA,1033
Memphis,Estados Unidos,South of  USA ,Tennessee,USCA,1034
Fayetteville,Estados Unidos,South of  USA ,Arkansas,USCA,1035
Richmond,Estados Unidos,South of  USA ,Virginia,USCA,1036
Richmond,Estados Unidos,South of  USA ,Kentucky,USCA,1037
Springfield,Estados Unidos,US Center ,Misuri,USCA,1038
Lakeland,Estados Unidos,South of  USA ,Florida,USCA,1039
Auburn,Estados Unidos,East of USA,Nueva York,USCA,1040
Springfield,Estados Unidos,East of USA,Ohio,USCA,1041
Pharr,Estados Unidos,US Center ,Texas,USCA,1042
Hempstead,Estados Unidos,East of USA,Nueva York,USCA,1043
Louisville,Estados Unidos,South of  USA ,Kentucky,USCA,1044
Wichita,Estados Unidos,US Center ,Kansas,USCA,1045
Fort Worth,Estados Unidos,US Center ,Texas,USCA,1046
Columbia,Estados Unidos,East of USA,Maryland,USCA,1047
Atlanta,Estados Unidos,South of  USA ,Georgia,USCA,1048
Odessa,Estados Unidos,US Center ,Texas,USCA,1049
Saanich,Canada,Canada,Columbia británica,USCA,1050
Las Vegas,Estados Unidos,West of USA ,Nevada,USCA,1051
Morgan Hill,Estados Unidos,West of USA ,California,USCA,1052
Portland,Estados Unidos,West of USA ,Oregón,USCA,1053
Buffalo,Estados Unidos,East of USA,Nueva York,USCA,1054
Amarillo,Estados Unidos,US Center ,Texas,USCA,1055
Tampa,Estados Unidos,South of  USA ,Florida,USCA,1056
Frisco,Estados Unidos,US Center ,Texas,USCA,1057
Jacksonville,Estados Unidos,South of  USA ,Carolina del Norte,USCA,1058
Tallahassee,Estados Unidos,South of  USA ,Florida,USCA,1059
Lewiston,Estados Unidos,East of USA,Maine,USCA,1060
Port Saint Lucie,Estados Unidos,South of  USA ,Florida,USCA,1061
Saint Louis,Estados Unidos,US Center ,Misuri,USCA,1062
Lawrence,Estados Unidos,East of USA,Massachusetts,USCA,1063
Saskatoon,Canada,Canada,Saskatchewan,USCA,1064
Redmond,Estados Unidos,West of USA ,Oregón,USCA,1065
Fayetteville,Estados Unidos,South of  USA ,Carolina del Norte,USCA,1066
Rome,Estados Unidos,East of USA,Nueva York,USCA,1067
Edea,Camerún,Central Africa,Littoral,Africa,1068
Chitungwiza,Zimbabue,East Africa,Harare,Africa,1069
Harare,Zimbabue,East Africa,Harare,Africa,1070
Lubumbashi,República Democrática del Congo,Central Africa,Katanga,Africa,1071
Djougou,Benín,West Africa,Donga,Africa,1072
Keren,Eritrea,East Africa,Anseba,Africa,1073
Ouagadougou,Burkina Faso,West Africa,Centro,Africa,1074
Ennigerloh,Alemania,Western Europe,Renania del Norte-Westfalia,Europe,1075
Solingen,Alemania,Western Europe,Renania del Norte-Westfalia,Europe,1076
Naples,Italia,Southern Europe,Campania,Europe,1077
Langen,Alemania,Western Europe,Baja Sajonia,Europe,1078
Ramnicu Valcea,Rumania,Eastern Europe,Vâlcea,Europe,1079
Mansfield,Reino Unido,Northern Europe,Inglaterra,Europe,1080
Montmorency,Francia,Western Europe,Isla de Francia,Europe,1081
Oldenburg,Alemania,Western Europe,Baja Sajonia,Europe,1082
Ivry-sur-Seine,Francia,Western Europe,Isla de Francia,Europe,1083
Saint-Denis,Francia,Western Europe,Isla de Francia,Europe,1084
Poole,Reino Unido,Northern Europe,Inglaterra,Europe,1085
Boulogne-sur-Mer,Francia,Western Europe,Norte-Paso de Calais-Picardía,Europe,1086
Champigny-sur-Marne,Francia,Western Europe,Isla de Francia,Europe,1087
Brest,Bielorrusia,Eastern Europe,Brest,Europe,1088
Suihua,China,Eastern Asia,Heilongjiang,Pacific Asia,1089
Wuchuan,China,Eastern Asia,Guangdong,Pacific Asia,1090
Rohtak,India,South Asia,Haryana,Pacific Asia,1091
San Jose del Monte,Filipinas,Southeast Asia,Luzón Central,Pacific Asia,1092
Santa Rosa,Brasil,South America,Rio Grande do Sul,LATAM,1093
Masaya,Nicaragua,Central America,Masaya,LATAM,1094
Soyapango,El Salvador,Central America,San Salvador,LATAM,1095
Medellín,Colombia,South America,Antioquía,LATAM,1096
Nicoya,Costa Rica,Central America,Guanacaste,LATAM,1097
Ribeirão Preto,Brasil,South America,São Paulo,LATAM,1098
Estelí,Nicaragua,Central America,Estelí,LATAM,1099
Itapevi,Brasil,South America,São Paulo,LATAM,1100
Oruro,Bolivia,South America,Oruro,LATAM,1101
Progreso,México,Central America,Yucatán,LATAM,1102
Curitiba,Brasil,South America,Paraná,LATAM,1103
Toluca,México,Central America,México,LATAM,1104
Fortaleza,Brasil,South America,Ceará,LATAM,1105
Avellaneda,Argentina,South America,Santa Fe,LATAM,1106
Azcapotzalco,México,Central America,Distrito Federal,LATAM,1107
Porto-Novo,Benín,West Africa,Ouémé,Africa,1108
Nigde,Turquía,West Asia,Nigde,Pacific Asia,1109
Ardahan,Turquía,West Asia,Ardahan,Pacific Asia,1110
Maltepe,Turquía,West Asia,Estambul,Pacific Asia,1111
Magnitogorsk,Rusia,Eastern Europe,Cheliábinsk,Europe,1112
Kananga,República Democrática del Congo,Central Africa,Kasai Occidental,Africa,1113
Poznan,Polonia,Eastern Europe,Gran Polonia,Europe,1114
Mbandaka,República Democrática del Congo,Central Africa,Équateur,Africa,1115
Akhisar,Turquía,West Asia,Manisa,Pacific Asia,1116
Tamale,Ghana,West Africa,Septentrional,Africa,1117
Sanliurfa,Turquía,West Asia,Sanliurfa,Pacific Asia,1118
Kahramanmara?,Turquía,West Asia,Kahramanmara?,Pacific Asia,1119
Ankara,Turquía,West Asia,Ankara,Pacific Asia,1120
Haifa,Israel,West Asia,Haifa,Pacific Asia,1121
Toronto,Canada,Canada,Ontario,USCA,1122
Rabat,Marruecos,North Africa,Rabat-Salé-Zemur-Zaer,Africa,1123
Kaduna,Nigeria,West Africa,Kaduna,Africa,1124
Uskudar,Turquía,West Asia,Estambul,Pacific Asia,1125
Thies Nones,Senegal,West Africa,Thiès,Africa,1126
Orán,Argelia,North Africa,Orán,Africa,1127
Sacramento,Estados Unidos,West of USA ,California,USCA,1128
Clarksville,Estados Unidos,South of  USA ,Tennessee,USCA,1129
Noblesville,Estados Unidos,US Center ,Indiana,USCA,1130
Lakewood,Estados Unidos,East of USA,Nueva Jersey,USCA,1131
Wheeling,Estados Unidos,East of USA,Virginia Occidental,USCA,1132
Chester,Estados Unidos,East of USA,Pensilvania,USCA,1133
Spokane,Estados Unidos,West of USA ,Washington,USCA,1134
Cambridge,Estados Unidos,East of USA,Massachusetts,USCA,1135
Little Rock,Estados Unidos,South of  USA ,Arkansas,USCA,1136
Jackson,Estados Unidos,South of  USA ,Misisipi,USCA,1137
Medina,Estados Unidos,East of USA,Ohio,USCA,1138
Wilmington,Estados Unidos,East of USA,Delaware,USCA,1139
Broken Arrow,Estados Unidos,US Center ,Oklahoma,USCA,1140
Chesapeake,Estados Unidos,South of  USA ,Virginia,USCA,1141
Englewood,Estados Unidos,West of USA ,Colorado,USCA,1142
Phoenix,Estados Unidos,West of USA ,Arizona,USCA,1143
Southaven,Estados Unidos,South of  USA ,Misisipi,USCA,1144
Redlands,Estados Unidos,West of USA ,California,USCA,1145
Quincy,Estados Unidos,US Center ,Illinois,USCA,1146
Saint Paul,Estados Unidos,US Center ,Minnesota,USCA,1147
Harrisonburg,Estados Unidos,South of  USA ,Virginia,USCA,1148
New Albany,Estados Unidos,US Center ,Indiana,USCA,1149
Griffith,Australia,Oceania,Nueva Gales del Sur,Pacific Asia,1150
Fushun,China,Eastern Asia,Liaoning,Pacific Asia,1151
Moradabad,India,South Asia,Uttar Pradesh,Pacific Asia,1152
Nagercoil,India,South Asia,Tamil Nadu,Pacific Asia,1153
Yunyang,China,Eastern Asia,Henan,Pacific Asia,1154
Kulti,India,South Asia,Bengala Occidental,Pacific Asia,1155
Imphal,India,South Asia,Manipur,Pacific Asia,1156
Pisa,Italia,Southern Europe,Toscana,Europe,1157
Amadora,Portugal,Southern Europe,Lisboa,Europe,1158
Tilburg,Países Bajos,Western Europe,Brabante Septentrional,Europe,1159
Naumburg,Alemania,Western Europe,Sajonia-Anhalt,Europe,1160
Valdemoro,España,Southern Europe,Madrid,Europe,1161
Olivet,Francia,Western Europe,Centro-Valle de Loira,Europe,1162
Epinal,Francia,Western Europe,Alsacia-Champaña-Ardenas-Lorena,Europe,1163
Avellino,Italia,Southern Europe,Campania,Europe,1164
Schiedam,Países Bajos,Western Europe,Holanda Meridional,Europe,1165
Ravenna,Italia,Southern Europe,Emilia-Romaña,Europe,1166
Flers,Francia,Western Europe,Normandía,Europe,1167
Emden,Alemania,Western Europe,Baja Sajonia,Europe,1168
Rimini,Italia,Southern Europe,Emilia-Romaña,Europe,1169
Surubim,Brasil,South America,Pernambuco,LATAM,1170
Pontes e Lacerda,Brasil,South America,Mato Grosso,LATAM,1171
Coyoacán,México,Central America,Distrito Federal,LATAM,1172
Arauca,Colombia,South America,Arauca,LATAM,1173
Choloma,Honduras,Central America,Cortés,LATAM,1174
Soledad Díez Gutiérrez,México,Central America,San Luis Potosí,LATAM,1175
San Rafael,Argentina,South America,Mendoza,LATAM,1176
Milpa Alta,México,Central America,Distrito Federal,LATAM,1177
Feira de Santana,Brasil,South America,Bahía,LATAM,1178
Francisco Beltrão,Brasil,South America,Paraná,LATAM,1179
Araguaína,Brasil,South America,Tocantins,LATAM,1180
San José de las Lajas,Cuba,Caribbean,Mayabeque,LATAM,1181
San Pablo de las Salinas,México,Central America,México,LATAM,1182
Gómez Palacio,México,Central America,Durango,LATAM,1183
Eunápolis,Brasil,South America,Bahía,LATAM,1184
Palma Soriano,Cuba,Caribbean,Santiago de Cuba,LATAM,1185
Neiva,Colombia,South America,Huila,LATAM,1186
Matanzas,Cuba,Caribbean,Matanzas,LATAM,1187
Bello,Colombia,South America,Antioquía,LATAM,1188
Santa Clara,Cuba,Caribbean,Villa Clara,LATAM,1189
Betim,Brasil,South America,Minas Gerais,LATAM,1190
Puerto Montt,Chile,South America,Los Lagos,LATAM,1191
Anápolis,Brasil,South America,Goiás,LATAM,1192
Santa Ana,El Salvador,Central America,Santa Ana,LATAM,1193
Morelia,México,Central America,Michoacán,LATAM,1194
Puerto La Cruz,Venezuela,South America,Anzoátegui,LATAM,1195
La Romana,República Dominicana,Caribbean,La Romana,LATAM,1196
Santa Cruz de Barahona,República Dominicana,Caribbean,Barahona,LATAM,1197
Barra Mansa,Brasil,South America,Río de Janeiro,LATAM,1198
Salvador,Brasil,South America,Bahía,LATAM,1199
João Pessoa,Brasil,South America,Paraíba,LATAM,1200
Nuevo Laredo,México,Central America,Tamaulipas,LATAM,1201
Santo Domingo de los Colorados,Ecuador,South America,Pichincha,LATAM,1202
La Vega,República Dominicana,Caribbean,La Vega,LATAM,1203
Santa Marta,Colombia,South America,Magdalena,LATAM,1204
Mendoza,Argentina,South America,Mendoza,LATAM,1205
Bagcilar,Turquía,West Asia,Estambul,Pacific Asia,1206
Ivano-Frankivs'k,Ucrania,Eastern Europe,Ivano-Frankivsk,Europe,1207
Mwanza,Tanzania,East Africa,Mwanza,Africa,1208
Benghazi,Libia,North Africa,Bengasi,Africa,1209
Arkhangelsk,Rusia,Eastern Europe,Arjánguelsk,Europe,1210
Jizán,Arabia Saudí,West Asia,Jizán,Pacific Asia,1211
Tivoli,Italia,Southern Europe,Lacio,Europe,1212
Cachan,Francia,Western Europe,Isla de Francia,Europe,1213
Les Pavillons-sous-Bois,Francia,Western Europe,Isla de Francia,Europe,1214
Lodz,Polonia,Eastern Europe,Lodz,Europe,1215
Kremenchuk,Ucrania,Eastern Europe,Poltava,Europe,1216
Villeneuve-d'Ascq,Francia,Western Europe,Norte-Paso de Calais-Picardía,Europe,1217
Radom,Polonia,Eastern Europe,Mazovia,Europe,1218
Bourgoin-Jallieu,Francia,Western Europe,Auvernia-Ródano-Alpes,Europe,1219
Hildesheim,Alemania,Western Europe,Baja Sajonia,Europe,1220
Villiers-sur-Marne,Francia,Western Europe,Isla de Francia,Europe,1221
Marina di Carrara,Italia,Southern Europe,Toscana,Europe,1222
Siauliai,Lituania,Northern Europe,iauliai,Europe,1223
Blackpool,Reino Unido,Northern Europe,Inglaterra,Europe,1224
Heerlen,Países Bajos,Western Europe,Limburgo,Europe,1225
Solna,Suecia,Northern Europe,Estocolmo,Europe,1226
Domont,Francia,Western Europe,Isla de Francia,Europe,1227
Puteaux,Francia,Western Europe,Isla de Francia,Europe,1228
Erfurt,Alemania,Western Europe,Turingia,Europe,1229
Santa Fe,Argentina,South America,Santa Fe,LATAM,1230
San Francisco del Rincón,México,Central America,Guanajuato,LATAM,1231
Porto Alegre,Brasil,South America,Rio Grande do Sul,LATAM,1232
Miguel Hidalgo,México,Central America,Distrito Federal,LATAM,1233
Heroica Zitácuaro,México,Central America,Michoacán,LATAM,1234
Veracruz,México,Central America,Veracruz,LATAM,1235
Choluteca,Honduras,Central America,Choluteca,LATAM,1236
Resende,Brasil,South America,Río de Janeiro,LATAM,1237
San Cristóbal de Las Casas,México,Central America,Chiapas,LATAM,1238
Tuxtla Gutiérrez,México,Central America,Chiapas,LATAM,1239
Mossoró,Brasil,South America,Río Grande del Norte,LATAM,1240
Celaya,México,Central America,Guanajuato,LATAM,1241
Gonaïves,Haití,Caribbean,Artibonito,LATAM,1242
Sancti Spíritus,Cuba,Caribbean,Sancti Spíritus,LATAM,1243
Armenia,Colombia,South America,Quindío,LATAM,1244
Metepec,México,Central America,México,LATAM,1245
Tulancingo,México,Central America,Hidalgo,LATAM,1246
Castanhal,Brasil,South America,Pará,LATAM,1247
Bucaramanga,Colombia,South America,Santander,LATAM,1248
Soledad,Colombia,South America,Atlántico,LATAM,1249
Acuña,México,Central America,Coahuila,LATAM,1250
Itaúna,Brasil,South America,Minas Gerais,LATAM,1251
San Fernando,Trinidad y Tobago,Caribbean,San Fernando,LATAM,1252
El Limón,Venezuela,South America,Aragua,LATAM,1253
Barranquilla,Colombia,South America,Atlántico,LATAM,1254
Poza Rica de Hidalgo,México,Central America,Veracruz,LATAM,1255
Altamira,Brasil,South America,Pará,LATAM,1256
Mexicali,México,Central America,Baja California,LATAM,1257
Ponte Nova,Brasil,South America,Minas Gerais,LATAM,1258
San Juan,Argentina,South America,San Juan,LATAM,1259
Manzanillo,Cuba,Caribbean,Granma,LATAM,1260
Callao,Perú,South America,Callao,LATAM,1261
Montenegro,Colombia,South America,Quindío,LATAM,1262
Caxias do Sul,Brasil,South America,Rio Grande do Sul,LATAM,1263
Delgado,El Salvador,Central America,San Salvador,LATAM,1264
Blumenau,Brasil,South America,Santa Catarina,LATAM,1265
Las Piedras,Uruguay,South America,Canelones,LATAM,1266
Colón,Panamá,Central America,Colón,LATAM,1267
Teresina,Brasil,South America,Piauí,LATAM,1268
Gaziantep,Turquía,West Asia,Gaziantep,Pacific Asia,1269
Busan,Corea del Sur,Eastern Asia,Busan,Pacific Asia,1270
Konya,Turquía,West Asia,Konya,Pacific Asia,1271
Bunbury,Australia,Oceania,Australia Occidental,Pacific Asia,1272
Surat,India,South Asia,Guyarat,Pacific Asia,1273
Laiyang,China,Eastern Asia,Shandong,Pacific Asia,1274
Bhatpara,India,South Asia,Bengala Occidental,Pacific Asia,1275
Malayer,Irán,South Asia,Hamadán,Pacific Asia,1276
Parbhani,India,South Asia,Maharashtra,Pacific Asia,1277
Karagandá,Kazajistán,Central Asia,Karagandá,Pacific Asia,1278
Huaibei,China,Eastern Asia,Anhui,Pacific Asia,1279
Matsubara,Japón,Eastern Asia,Oita,Pacific Asia,1280
Harbin,China,Eastern Asia,Heilongjiang,Pacific Asia,1281
Baotou,China,Eastern Asia,Mongolia Interior,Pacific Asia,1282
Bhubaneswar,India,South Asia,Odisha,Pacific Asia,1283
Gongzhuling,China,Eastern Asia,Jilin,Pacific Asia,1284
Bhatinda,India,South Asia,Punyab,Pacific Asia,1285
Alice Springs,Australia,Oceania,Territorio del Norte,Pacific Asia,1286
Granada,Nicaragua,Central America,Granada,LATAM,1287
Escuintla,Guatemala,Central America,Escuintla,LATAM,1288
Pilar,Brasil,South America,Alagoas,LATAM,1289
Caracas,Venezuela,South America,Distrito Capital,LATAM,1290
León,México,Central America,Guanajuato,LATAM,1291
Cabo Frio,Brasil,South America,Río de Janeiro,LATAM,1292
Valinhos,Brasil,South America,São Paulo,LATAM,1293
Tlalnepantla,México,Central America,México,LATAM,1294
Obregón,México,Central America,Sonora,LATAM,1295
El Progreso,Honduras,Central America,Yoro,LATAM,1296
General Escobedo,México,Central America,Nuevo León,LATAM,1297
San Luis Río Colorado,México,Central America,Sonora,LATAM,1298
Contramaestre,Cuba,Caribbean,Santiago de Cuba,LATAM,1299
Talcahuano,Chile,South America,Bío-Bío,LATAM,1300
Victoria,México,Central America,Tamaulipas,LATAM,1301
Reynosa,México,Central America,Tamaulipas,LATAM,1302
Bridgetown,Barbados,Caribbean,San Miguel,LATAM,1303
São Gonçalo,Brasil,South America,Río de Janeiro,LATAM,1304
Penedo,Brasil,South America,Alagoas,LATAM,1305
Moa,Cuba,Caribbean,Holguín,LATAM,1306
Los Mochis,México,Central America,Sinaloa,LATAM,1307
Maracaibo,Venezuela,South America,Zulia,LATAM,1308
Recife,Brasil,South America,Pernambuco,LATAM,1309
Guacara,Venezuela,South America,Carabobo,LATAM,1310
Villa Frontera,México,Central America,Coahuila,LATAM,1311
Madero,México,Central America,Tamaulipas,LATAM,1312
Iguala,México,Central America,Guerrero,LATAM,1313
Cochabamba,Bolivia,South America,Cochabamba,LATAM,1314
Consolación del Sur,Cuba,Caribbean,Pinar del Río,LATAM,1315
Igarassu,Brasil,South America,Pernambuco,LATAM,1316
Manizales,Colombia,South America,Caldas,LATAM,1317
Guasave,México,Central America,Sinaloa,LATAM,1318
Mérida,México,Central America,Yucatán,LATAM,1319
Pindamonhangaba,Brasil,South America,São Paulo,LATAM,1320
Barquisimeto,Venezuela,South America,Lara,LATAM,1321
Açu,Brasil,South America,Río Grande del Norte,LATAM,1322
Yopal,Colombia,South America,Casanare,LATAM,1323
Sylhet,Bangladés,South Asia,Sylhet,Pacific Asia,1324
Hamilton,Nueva Zelanda,Oceania,Waikato,Pacific Asia,1325
Kulob,Tayikistán,Central Asia,Khatlon,Pacific Asia,1326
Shangqiu,China,Eastern Asia,Henan,Pacific Asia,1327
Pematangsiantar,Indonesia,Southeast Asia,Sumatra Septentrional,Pacific Asia,1328
Almaty,Kazajistán,Central Asia,Ciudad de Almatý,Pacific Asia,1329
Pontianak,Indonesia,Southeast Asia,Borneo Occidental,Pacific Asia,1330
Ekibastuz,Kazajistán,Central Asia,Pavlodar,Pacific Asia,1331
Palmerston North,Nueva Zelanda,Oceania,Manawatu-Wanganui,Pacific Asia,1332
Srinagar,India,South Asia,Jammu y Cachemira,Pacific Asia,1333
Gorakhpur,India,South Asia,Uttar Pradesh,Pacific Asia,1334
Homs,Siria,West Asia,Hims,Pacific Asia,1335
Benxi,China,Eastern Asia,Liaoning,Pacific Asia,1336
Katoomba,Australia,Oceania,Nueva Gales del Sur,Pacific Asia,1337
Dumai,Indonesia,Southeast Asia,Riau,Pacific Asia,1338
Bogor,Indonesia,Southeast Asia,Java Occidental,Pacific Asia,1339
Varanasi,India,South Asia,Uttar Pradesh,Pacific Asia,1340
Dewas,India,South Asia,Madhya Pradesh,Pacific Asia,1341
Amritsar,India,South Asia,Punyab,Pacific Asia,1342
Al Hillah,Irak,West Asia,Babilonia,Pacific Asia,1343
Kakinada,India,South Asia,Andhra Pradesh,Pacific Asia,1344
Khulna,Bangladés,South Asia,Khulna,Pacific Asia,1345
Korba,India,South Asia,Chhattisgarh,Pacific Asia,1346
Cormeilles-en-Parisis,Francia,Western Europe,Isla de Francia,Europe,1347
Ferrara,Italia,Southern Europe,Emilia-Romaña,Europe,1348
Herne,Alemania,Western Europe,Renania del Norte-Westfalia,Europe,1349
Manaus,Brasil,South America,Amazonas,LATAM,1350
Puerto Padre,Cuba,Caribbean,Las Tunas,LATAM,1351
Les Abymes,Guadalupe,Caribbean,Guadalupe,LATAM,1352
Colima,México,Central America,Colima,LATAM,1353
Nova Serrana,Brasil,South America,Minas Gerais,LATAM,1354
Huancayo,Perú,South America,Junín,LATAM,1355
Paraná,Argentina,South America,Entre Ríos,LATAM,1356
Ashdod,Israel,West Asia,Meridional,Pacific Asia,1357
Hohhot,China,Eastern Asia,Mongolia Interior,Pacific Asia,1358
Fengcheng,China,Eastern Asia,Liaoning,Pacific Asia,1359
Port Moresby,Papúa Nueva Guinea,Oceania,Capital Nacional,Pacific Asia,1360
Fukuyama,Japón,Eastern Asia,Hiroshima,Pacific Asia,1361
Turgutlu,Turquía,West Asia,Manisa,Pacific Asia,1362
Smyrna,Estados Unidos,South of  USA ,Tennessee,USCA,1363
Wilmington,Estados Unidos,South of  USA ,Carolina del Norte,USCA,1364
Ibadan,Nigeria,West Africa,Oyo,Africa,1365
Katsina,Nigeria,West Africa,Katsina,Africa,1366
Cesena,Italia,Southern Europe,Emilia-Romaña,Europe,1367
Farnborough,Reino Unido,Northern Europe,Inglaterra,Europe,1368
San Nicolás de los Arroyos,Argentina,South America,Buenos Aires (provincia),LATAM,1369
Jieyang,China,Eastern Asia,Guangdong,Pacific Asia,1370
Columbia,Estados Unidos,South of  USA ,Carolina del Sur,USCA,1371
Franklin,Estados Unidos,South of  USA ,Tennessee,USCA,1372
São Leopoldo,Brasil,South America,Rio Grande do Sul,LATAM,1373
Klaip?da,Lituania,Northern Europe,Klaip?da,Europe,1374
Gómel,Bielorrusia,Eastern Europe,Gómel,Europe,1375
Broken Hill,Australia,Oceania,Nueva Gales del Sur,Pacific Asia,1376
Kunming,China,Eastern Asia,Yunnan,Pacific Asia,1377
Sukabumi,Indonesia,Southeast Asia,Java Occidental,Pacific Asia,1378
Bijapur,India,South Asia,Karnataka,Pacific Asia,1379
Raleigh,Estados Unidos,South of  USA ,Carolina del Norte,USCA,1380
Moca,República Dominicana,Caribbean,Espaillat,LATAM,1381
Bulawayo,Zimbabue,East Africa,Bulawayo,Africa,1382
Malanje,Angola,Central Africa,Malanje,Africa,1383
Reus,España,Southern Europe,Cataluña,Europe,1384
Neuilly-sur-Marne,Francia,Western Europe,Isla de Francia,Europe,1385
Irkutsk,Rusia,Eastern Europe,Irkutsk,Europe,1386
Quimper,Francia,Western Europe,Bretaña,Europe,1387
Horlivka,Ucrania,Eastern Europe,Donetsk,Europe,1388
Mannheim,Alemania,Western Europe,Baden-Wurtemberg,Europe,1389
Blenheim,Nueva Zelanda,Oceania,Marlborough,Pacific Asia,1390
Kukatpalli,India,South Asia,Telangana,Pacific Asia,1391
Las Pinas,Filipinas,Southeast Asia,Capital Nacional,Pacific Asia,1392
Changzhi,China,Eastern Asia,Shanxi,Pacific Asia,1393
Changchun,China,Eastern Asia,Jilin,Pacific Asia,1394
Baku,Azerbaiyán,West Asia,Baki,Pacific Asia,1395
Yanbu al Bahr,Arabia Saudí,West Asia,Medina,Pacific Asia,1396
Khorramabad,Irán,South Asia,Lorestan,Pacific Asia,1397
Chaoyang,China,Eastern Asia,Liaoning,Pacific Asia,1398
Jiangyou,China,Eastern Asia,Sichuan,Pacific Asia,1399
Seremban,Malasia,Southeast Asia,Negeri Sembilan,Pacific Asia,1400
Ceyhan,Turquía,West Asia,Adana,Pacific Asia,1401
Warangal,India,South Asia,Telangana,Pacific Asia,1402
Tiruchchirappalli,India,South Asia,Tamil Nadu,Pacific Asia,1403
Pekanbaru,Indonesia,Southeast Asia,Riau,Pacific Asia,1404
Licheng,China,Eastern Asia,Jiangsu,Pacific Asia,1405
Wodonga,Australia,Oceania,Victoria,Pacific Asia,1406
Lucknow,India,South Asia,Uttar Pradesh,Pacific Asia,1407
Darbhanga,India,South Asia,Bihar,Pacific Asia,1408
Hyderabad,Pakistán,South Asia,Sind,Pacific Asia,1409
Kuching,Malasia,Southeast Asia,Sarawak,Pacific Asia,1410
Jieshou,China,Eastern Asia,Anhui,Pacific Asia,1411
Lanxi,China,Eastern Asia,Zhejiang,Pacific Asia,1412
Mount Gambier,Australia,Oceania,Australia del Sur,Pacific Asia,1413
Wenling,China,Eastern Asia,Zhejiang,Pacific Asia,1414
Melton,Australia,Oceania,Victoria,Pacific Asia,1415
Jiangmen,China,Eastern Asia,Guangdong,Pacific Asia,1416
Meerut,India,South Asia,Uttar Pradesh,Pacific Asia,1417
Hangu,China,Eastern Asia,Tianjin,Pacific Asia,1418
Mashhad,Irán,South Asia,Jorasán Razaví,Pacific Asia,1419
Turkmenabat,Turkmenistán,Central Asia,Lebap,Pacific Asia,1420
Durgapur,India,South Asia,Maharashtra,Pacific Asia,1421
Whyalla,Australia,Oceania,Australia del Sur,Pacific Asia,1422
Traralgon,Australia,Oceania,Victoria,Pacific Asia,1423
Aurora,Estados Unidos,West of USA ,Colorado,USCA,1424
Salem,Estados Unidos,South of  USA ,Virginia,USCA,1425
Ponferrada,España,Southern Europe,Castilla y León,Europe,1426
Irun,España,Southern Europe,País Vasco,Europe,1427
Arezzo,Italia,Southern Europe,Toscana,Europe,1428
Acireale,Italia,Southern Europe,Sicilia,Europe,1429
Walsall,Reino Unido,Northern Europe,Inglaterra,Europe,1430
Alicante,España,Southern Europe,Valenciana,Europe,1431
Fontainebleau,Francia,Western Europe,Isla de Francia,Europe,1432
Sevastopol,Ucrania,Eastern Europe,Sevastopol,Europe,1433
Salina Cruz,México,Central America,Oaxaca,LATAM,1434
Guayaquil,Ecuador,South America,Guayas,LATAM,1435
Maringá,Brasil,South America,Paraná,LATAM,1436
Puente Alto,Chile,South America,Santiago de Chile,LATAM,1437
San Luis Potosí,México,Central America,San Luis Potosí,LATAM,1438
San Pedro de Macorís,República Dominicana,Caribbean,San Pedro de Macorís,LATAM,1439
Itaituba,Brasil,South America,Pará,LATAM,1440
Piedras Negras,México,Central America,Coahuila,LATAM,1441
Rancagua,Chile,South America,O'Higgins,LATAM,1442
Antiguo Cuscatlán,El Salvador,Central America,La Libertad,LATAM,1443
Santa Catarina,México,Central America,Nuevo León,LATAM,1444
Jequié,Brasil,South America,Bahía,LATAM,1445
Baní,República Dominicana,Caribbean,Peravia,LATAM,1446
Amatitlán,Guatemala,Central America,Guatemala,LATAM,1447
Simões Filho,Brasil,South America,Bahía,LATAM,1448
Chapecó,Brasil,South America,Santa Catarina,LATAM,1449
Resistencia,Argentina,South America,Chaco,LATAM,1450
Barreirinhas,Brasil,South America,Marañón,LATAM,1451
Paysandú,Uruguay,South America,Paysandú,LATAM,1452
Jataí,Brasil,South America,Goiás,LATAM,1453
Cruzeiro,Brasil,South America,São Paulo,LATAM,1454
Rivera,Uruguay,South America,Rivera,LATAM,1455
Uruguaiana,Brasil,South America,Rio Grande do Sul,LATAM,1456
Arapiraca,Brasil,South America,Alagoas,LATAM,1457
Guarapuava,Brasil,South America,Paraná,LATAM,1458
San Francisco de Macorís,República Dominicana,Caribbean,Duarte,LATAM,1459
Córdoba,Argentina,South America,Córdoba,LATAM,1460
Campeche,México,Central America,Campeche,LATAM,1461
Itajaí,Brasil,South America,Santa Catarina,LATAM,1462
Turmero,Venezuela,South America,Aragua,LATAM,1463
Bom Jesus da Lapa,Brasil,South America,Bahía,LATAM,1464
Gaspar,Brasil,South America,Santa Catarina,LATAM,1465
Linhares,Brasil,South America,Espíritu Santo,LATAM,1466
Miramar,México,Central America,Tamaulipas,LATAM,1467
Ilhéus,Brasil,South America,Bahía,LATAM,1468
Umuarama,Brasil,South America,Paraná,LATAM,1469
São José dos Campos,Brasil,South America,São Paulo,LATAM,1470
Ibiúna,Brasil,South America,São Paulo,LATAM,1471
Praia Grande,Brasil,South America,São Paulo,LATAM,1472
Cruz das Almas,Brasil,South America,Bahía,LATAM,1473
Santa Cruz de la Sierra,Bolivia,South America,Santa Cruz,LATAM,1474
Novo Gama,Brasil,South America,Goiás,LATAM,1475
Pouso Alegre,Brasil,South America,Minas Gerais,LATAM,1476
Jacobina,Brasil,South America,Bahía,LATAM,1477
Asunción,Paraguay,South America,Asunción,LATAM,1478
Paita,Perú,South America,Piura,LATAM,1479
Apodaca,México,Central America,Nuevo León,LATAM,1480
Bayamo,Cuba,Caribbean,Granma,LATAM,1481
Spanish Town,Jamaica,Caribbean,Santa Caterina,LATAM,1482
Santo André,Brasil,South America,São Paulo,LATAM,1483
Ciego de Ávila,Cuba,Caribbean,Ciego de Ávila,LATAM,1484
Torreón,México,Central America,Coahuila,LATAM,1485
Limoeiro do Norte,Brasil,South America,Ceará,LATAM,1486
Cajazeiras,Brasil,South America,Paraíba,LATAM,1487
Pereira,Colombia,South America,Risaralda,LATAM,1488
Camaçari,Brasil,South America,Bahía,LATAM,1489
Franca,Brasil,South America,São Paulo,LATAM,1490
Tupã,Brasil,South America,São Paulo,LATAM,1491
Juiz de Fora,Brasil,South America,Minas Gerais,LATAM,1492
Cajamarca,Perú,South America,Cajamarca,LATAM,1493
Votuporanga,Brasil,South America,São Paulo,LATAM,1494
Puerto Vallarta,México,Central America,Jalisco,LATAM,1495
Chinandega,Nicaragua,Central America,Chinandega,LATAM,1496
Bayeux,Brasil,South America,Paraíba,LATAM,1497
Antofagasta,Chile,South America,Antofagasta,LATAM,1498
Sabanalarga,Colombia,South America,Atlántico,LATAM,1499
Ji-Paraná,Brasil,South America,Rondônia,LATAM,1500
San Juan de la Maguana,República Dominicana,Caribbean,San Juan,LATAM,1501
Araçatuba,Brasil,South America,São Paulo,LATAM,1502
Canoas,Brasil,South America,Rio Grande do Sul,LATAM,1503
Cancún,México,Central America,Quintana Roo,LATAM,1504
San Cristóbal,Venezuela,South America,Táchira,LATAM,1505
Grajaú,Brasil,South America,Marañón,LATAM,1506
Kirsehir,Turquía,West Asia,Kirsehir,Pacific Asia,1507
Sandakan,Malasia,Southeast Asia,Sabah,Pacific Asia,1508
Asjabad,Turkmenistán,Central Asia,Asjabad,Pacific Asia,1509
Binzhou,China,Eastern Asia,Shandong,Pacific Asia,1510
Guiyang,China,Eastern Asia,Guizhou,Pacific Asia,1511
Lower Hutt,Nueva Zelanda,Oceania,Wellington,Pacific Asia,1512
Ballarat,Australia,Oceania,Victoria,Pacific Asia,1513
Calamba,Filipinas,Southeast Asia,Calabarzón,Pacific Asia,1514
Kashan,Irán,South Asia,Isfahán,Pacific Asia,1515
Amman,Jordania,West Asia,Amán,Pacific Asia,1516
Al Mubarraz,Arabia Saudí,West Asia,Ash Sharqiyah,Pacific Asia,1517
Yazd,Irán,South Asia,Yazd,Pacific Asia,1518
Sakaka,Arabia Saudí,West Asia,Al Jawf,Pacific Asia,1519
Chifeng,China,Eastern Asia,Mongolia Interior,Pacific Asia,1520
Ludhiana,India,South Asia,Punyab,Pacific Asia,1521
Kermanshah,Irán,South Asia,Kermanshah,Pacific Asia,1522
Padang,Indonesia,Southeast Asia,Sumatra Occidental,Pacific Asia,1523
Kowloon,Hong Kong,Eastern Asia,Hong Kong,Pacific Asia,1524
Kokshetau,Kazajistán,Central Asia,Akmola,Pacific Asia,1525
Nazilli,Turquía,West Asia,Aydin,Pacific Asia,1526
Nagasaki,Japón,Eastern Asia,Nagasaki,Pacific Asia,1527
Sivas,Turquía,West Asia,Sivas,Pacific Asia,1528
Firozabad,India,South Asia,Uttar Pradesh,Pacific Asia,1529
Xiamen,China,Eastern Asia,Fujian,Pacific Asia,1530
Ninghai,China,Eastern Asia,Shandong,Pacific Asia,1531
Kozhikode,India,South Asia,Kerala,Pacific Asia,1532
Xintai,China,Eastern Asia,Shandong,Pacific Asia,1533
Mardin,Turquía,West Asia,Mardin,Pacific Asia,1534
Kalyan,India,South Asia,Maharashtra,Pacific Asia,1535
Boulogne-Billancourt,Francia,Western Europe,Isla de Francia,Europe,1536
Targu Mures,Rumania,Eastern Europe,Mures,Europe,1537
Donets'k,Ucrania,Eastern Europe,Donetsk,Europe,1538
Jerez de la Frontera,España,Southern Europe,Andalucía,Europe,1539
Oberhausen,Alemania,Western Europe,Renania del Norte-Westfalia,Europe,1540
Pontoise,Francia,Western Europe,Isla de Francia,Europe,1541
Crawley,Reino Unido,Northern Europe,Inglaterra,Europe,1542
Wasquehal,Francia,Western Europe,Norte-Paso de Calais-Picardía,Europe,1543
Miass,Rusia,Eastern Europe,Cheliábinsk,Europe,1544
Villach,Austria,Western Europe,Carintia,Europe,1545
Vladímir,Rusia,Eastern Europe,Vladímir,Europe,1546
Annemasse,Francia,Western Europe,Auvernia-Ródano-Alpes,Europe,1547
Metz,Francia,Western Europe,Alsacia-Champaña-Ardenas-Lorena,Europe,1548
Levallois-Perret,Francia,Western Europe,Isla de Francia,Europe,1549
Givors,Francia,Western Europe,Auvernia-Ródano-Alpes,Europe,1550
Bélgorod,Rusia,Eastern Europe,Bélgorod,Europe,1551
Menden,Alemania,Western Europe,Renania del Norte-Westfalia,Europe,1552
Arraiján,Panamá,Central America,Panamá,LATAM,1553
Rosario,Argentina,South America,Santa Fe,LATAM,1554
Concepción del Uruguay,Argentina,South America,Entre Ríos,LATAM,1555
Viña del Mar,Chile,South America,Valparaíso,LATAM,1556
Apatzingán de la Constitución,México,Central America,Michoacán,LATAM,1557
Tecomán,México,Central America,Colima,LATAM,1558
Vitória,Brasil,South America,Espíritu Santo,LATAM,1559
Portoviejo,Ecuador,South America,Manabí,LATAM,1560
Trinidad,Bolivia,South America,El Beni,LATAM,1561
Passo Fundo,Brasil,South America,Rio Grande do Sul,LATAM,1562
Aracaju,Brasil,South America,Sergipe,LATAM,1563
San Andrés Tuxtla,México,Central America,Veracruz,LATAM,1564
Jamundí,Colombia,South America,Valle del Cauca,LATAM,1565
Tehuacán,México,Central America,Puebla,LATAM,1566
Lagos de Moreno,México,Central America,Jalisco,LATAM,1567
São Miguel dos Campos,Brasil,South America,Alagoas,LATAM,1568
Sonsonate,El Salvador,Central America,Sonsonate,LATAM,1569
Bezerros,Brasil,South America,Pernambuco,LATAM,1570
Kochi,India,South Asia,Kerala,Pacific Asia,1571
Invercargill,Nueva Zelanda,Oceania,Southland,Pacific Asia,1572
Lanzhou,China,Eastern Asia,Gansu,Pacific Asia,1573
Kilis,Turquía,West Asia,Kilis,Pacific Asia,1574
Siirt,Turquía,West Asia,Siirt,Pacific Asia,1575
Chaozhou,China,Eastern Asia,Guangdong,Pacific Asia,1576
Erzurum,Turquía,West Asia,Erzurum,Pacific Asia,1577
Tauranga,Nueva Zelanda,Oceania,Bay of Plenty,Pacific Asia,1578
Sukkur,Pakistán,South Asia,Sind,Pacific Asia,1579
Mysore,India,South Asia,Karnataka,Pacific Asia,1580
Kolhapur,India,South Asia,Maharashtra,Pacific Asia,1581
Jiaozuo,China,Eastern Asia,Henan,Pacific Asia,1582
Aew?l-li,Corea del Sur,Eastern Asia,Jeju,Pacific Asia,1583
Edogawa-ku,Japón,Eastern Asia,Tokio,Pacific Asia,1584
Kastamonu,Turquía,West Asia,Kastamonu,Pacific Asia,1585
Newark,Estados Unidos,East of USA,Ohio,USCA,1586
Superior,Estados Unidos,US Center ,Wisconsin,USCA,1587
Regina,Canada,Canada,Saskatchewan,USCA,1588
Montréal,Canada,Canada,Quebec,USCA,1589
Tempe,Estados Unidos,West of USA ,Arizona,USCA,1590
Albuquerque,Estados Unidos,West of USA ,Nuevo México,USCA,1591
Wilson,Estados Unidos,South of  USA ,Carolina del Norte,USCA,1592
Mesquite,Estados Unidos,US Center ,Texas,USCA,1593
Woodland,Estados Unidos,West of USA ,California,USCA,1594
El Jadida,Marruecos,North Africa,Dukala-Abda,Africa,1595
Abha,Arabia Saudí,West Asia,Asir,Pacific Asia,1596
Antakya,Turquía,West Asia,Hatay,Pacific Asia,1597
Nzerekore,Guinea,West Africa,Nzérékoré,Africa,1598
Likasi,República Democrática del Congo,Central Africa,Katanga,Africa,1599
Fort Lauderdale,Estados Unidos,South of  USA ,Florida,USCA,1600
Pasadena,Estados Unidos,US Center ,Texas,USCA,1601
Kent,Estados Unidos,East of USA,Ohio,USCA,1602
Bangor,Estados Unidos,East of USA,Maine,USCA,1603
Huntsville,Estados Unidos,US Center ,Texas,USCA,1604
Morristown,Estados Unidos,East of USA,Nueva Jersey,USCA,1605
Decatur,Estados Unidos,South of  USA ,Alabama,USCA,1606
Miramar,Estados Unidos,South of  USA ,Florida,USCA,1607
Arlington,Estados Unidos,South of  USA ,Virginia,USCA,1608
Nashville,Estados Unidos,South of  USA ,Tennessee,USCA,1609
Santa Ana,Estados Unidos,West of USA ,California,USCA,1610
Marietta,Estados Unidos,South of  USA ,Georgia,USCA,1611
Miami,Estados Unidos,South of  USA ,Florida,USCA,1612
Pasadena,Estados Unidos,West of USA ,California,USCA,1613
Oak Park,Estados Unidos,US Center ,Illinois,USCA,1614
Wausau,Estados Unidos,US Center ,Wisconsin,USCA,1615
Fremont,Estados Unidos,US Center ,Nebraska,USCA,1616
Milwaukee,Estados Unidos,US Center ,Wisconsin,USCA,1617
Aurora,Estados Unidos,US Center ,Illinois,USCA,1618
Lakeville,Estados Unidos,US Center ,Minnesota,USCA,1619
Durham,Estados Unidos,South of  USA ,Carolina del Norte,USCA,1620
Anqing,China,Eastern Asia,Anhui,Pacific Asia,1621
Taiyuan,China,Eastern Asia,Shanxi,Pacific Asia,1622
Pimpri,India,South Asia,Maharashtra,Pacific Asia,1623
Ichikawa,Japón,Eastern Asia,Chiba,Pacific Asia,1624
Cournon-d'Auvergne,Francia,Western Europe,Auvernia,Europe,1625
Oviedo,España,Southern Europe,Asturias,Europe,1626
Clermont-Ferrand,Francia,Western Europe,Auvernia,Europe,1627
Cardiff,Reino Unido,Northern Europe,Gales,Europe,1628
Cork,Irlanda,Northern Europe,Cork,Europe,1629
Gladbeck,Alemania,Western Europe,Renania del Norte-Westfalia,Europe,1630
Chieti,Italia,Southern Europe,Abruzos,Europe,1631
Linz,Austria,Western Europe,Alta Austria,Europe,1632
Sceaux,Francia,Western Europe,Isla de Francia,Europe,1633
Montauban,Francia,Western Europe,Languedoc-Rosellón-Mediodía-Pirineos,Europe,1634
Sassari,Italia,Southern Europe,Cerdeña,Europe,1635
La Plata,Argentina,South America,Buenos Aires (provincia),LATAM,1636
Cuiabá,Brasil,South America,Mato Grosso,LATAM,1637
Malambo,Colombia,South America,Atlántico,LATAM,1638
Auch,Francia,Western Europe,Languedoc-Rosellón-Mediodía-Pirineos,Europe,1639
Lorca,España,Southern Europe,Murcia,Europe,1640
Kingswood,Reino Unido,Northern Europe,Inglaterra,Europe,1641
Draguignan,Francia,Western Europe,Provenza-Alpes-Costa Azul,Europe,1642
Offenburg,Alemania,Western Europe,Baden-Wurtemberg,Europe,1643
Valles,México,Central America,San Luis Potosí,LATAM,1644
Morón,Cuba,Caribbean,Ciego de Ávila,LATAM,1645
São Benedito,Brasil,South America,Ceará,LATAM,1646
Silao,México,Central America,Guanajuato,LATAM,1647
Enugu,Nigeria,West Africa,Enugu,Africa,1648
Mombasa,Kenia,East Africa,Costa,Africa,1649
Sohag,Egipto,North Africa,Suhaj,Africa,1650
Watford,Reino Unido,Northern Europe,Inglaterra,Europe,1651
Albi,Francia,Western Europe,Languedoc-Rosellón-Mediodía-Pirineos,Europe,1652
Loures,Portugal,Southern Europe,Lisboa,Europe,1653
Villeurbanne,Francia,Western Europe,Auvernia-Ródano-Alpes,Europe,1654
Tallaght,Irlanda,Northern Europe,Dublín del Sur,Europe,1655
Stavanger,Noruega,Northern Europe,Rogaland,Europe,1656
Poissy,Francia,Western Europe,Isla de Francia,Europe,1657
Aachen,Alemania,Western Europe,Renania del Norte-Westfalia,Europe,1658
Rybinsk,Rusia,Eastern Europe,Yaroslavl,Europe,1659
San Fernando,España,Southern Europe,Andalucía,Europe,1660
Ruda Slaska,Polonia,Eastern Europe,Silesia,Europe,1661
Darmstadt,Alemania,Western Europe,Hesse,Europe,1662
Worms,Alemania,Western Europe,Renania-Palatinado,Europe,1663
Livry-Gargan,Francia,Western Europe,Isla de Francia,Europe,1664
Zwolle,Países Bajos,Western Europe,Overijssel,Europe,1665
Suresnes,Francia,Western Europe,Isla de Francia,Europe,1666
Langen,Alemania,Western Europe,Hesse,Europe,1667
Les Clayes-sous-Bois,Francia,Western Europe,Isla de Francia,Europe,1668
Krefeld,Alemania,Western Europe,Renania del Norte-Westfalia,Europe,1669
Fort-de-France,Martinica,Caribbean,Martinica,LATAM,1670
Jacareí,Brasil,South America,São Paulo,LATAM,1671
Cartagena,Colombia,South America,Bolívar,LATAM,1672
Bajos de Haina,República Dominicana,Caribbean,San Cristóbal,LATAM,1673
Los Ángeles,Chile,South America,Bío-Bío,LATAM,1674
Maracay,Venezuela,South America,Aragua,LATAM,1675
Qitaihe,China,Eastern Asia,Heilongjiang,Pacific Asia,1676
Tangshan,China,Eastern Asia,Hebei,Pacific Asia,1677
Ganganagar,India,South Asia,Rajastán,Pacific Asia,1678
Panihati,India,South Asia,Bengala Occidental,Pacific Asia,1679
Cankaya,Turquía,West Asia,Ankara,Pacific Asia,1680
Tieling,China,Eastern Asia,Liaoning,Pacific Asia,1681
Balikesir,Turquía,West Asia,Balikesir,Pacific Asia,1682
Tiruppur,India,South Asia,Tamil Nadu,Pacific Asia,1683
Saharanpur,India,South Asia,Uttar Pradesh,Pacific Asia,1684
Laohekou,China,Eastern Asia,Hubei,Pacific Asia,1685
Bellary,India,South Asia,Karnataka,Pacific Asia,1686
Tyler,Estados Unidos,US Center ,Texas,USCA,1687
Jonesboro,Estados Unidos,South of  USA ,Arkansas,USCA,1688
Vancouver,Estados Unidos,West of USA ,Washington,USCA,1689
Santa Clara,Estados Unidos,West of USA ,California,USCA,1690
Florence,Estados Unidos,South of  USA ,Kentucky,USCA,1691
Portage,Estados Unidos,US Center ,Indiana,USCA,1692
Balti,Moldavia,Eastern Europe,Balti,Europe,1693
Osijek,Croacia,Southern Europe,Osjecko-Baranjska,Europe,1694
Lisichansk,Ucrania,Eastern Europe,Lugansk,Europe,1695
Lambaré,Paraguay,South America,Central,LATAM,1696
Jodhpur,India,South Asia,Rajastán,Pacific Asia,1697
La Mesa,Estados Unidos,West of USA ,California,USCA,1698
Katowice,Polonia,Eastern Europe,Silesia,Europe,1699
Jamnagar,India,South Asia,Guyarat,Pacific Asia,1700
Kayseri,Turquía,West Asia,Kayseri,Pacific Asia,1701
Mecca,Arabia Saudí,West Asia,Meca,Pacific Asia,1702
Zigong,China,Eastern Asia,Sichuan,Pacific Asia,1703
Dhule,India,South Asia,Maharashtra,Pacific Asia,1704
Whangarei,Nueva Zelanda,Oceania,Northland,Pacific Asia,1705
Hefei,China,Eastern Asia,Anhui,Pacific Asia,1706
Handan,China,Eastern Asia,Hebei,Pacific Asia,1707
Aurangabad,India,South Asia,Maharashtra,Pacific Asia,1708
Muskogee,Estados Unidos,US Center ,Oklahoma,USCA,1709
Murfreesboro,Estados Unidos,South of  USA ,Tennessee,USCA,1710
Mobile,Estados Unidos,South of  USA ,Alabama,USCA,1711
Westfield,Estados Unidos,East of USA,Nueva Jersey,USCA,1712
Olathe,Estados Unidos,US Center ,Kansas,USCA,1713
Lafayette,Estados Unidos,South of  USA ,Luisiana,USCA,1714
Winnipeg,Canada,Canada,Manitoba,USCA,1715
Paterson,Estados Unidos,East of USA,Nueva Jersey,USCA,1716
Lafayette,Estados Unidos,US Center ,Indiana,USCA,1717
Long Beach,Estados Unidos,East of USA,Nueva York,USCA,1718
Hollywood,Estados Unidos,South of  USA ,Florida,USCA,1719
Kingston,Canada,Canada,Ontario,USCA,1720
Arvada,Estados Unidos,West of USA ,Colorado,USCA,1721
Quebec,Canada,Canada,Quebec,USCA,1722
East Point,Estados Unidos,South of  USA ,Georgia,USCA,1723
Inglewood,Estados Unidos,West of USA ,California,USCA,1724
Lancaster,Estados Unidos,East of USA,Ohio,USCA,1725
Haltom City,Estados Unidos,US Center ,Texas,USCA,1726
Maputo,Mozambique,East Africa,Cidade De Maputo,Africa,1727
Wallasey,Reino Unido,Northern Europe,Inglaterra,Europe,1728
Sannois,Francia,Western Europe,Isla de Francia,Europe,1729
Esbjerg,Dinamarca,Northern Europe,Dinamarca Meridional,Europe,1730
Pelotas,Brasil,South America,Rio Grande do Sul,LATAM,1731
Aligarh,India,South Asia,Uttar Pradesh,Pacific Asia,1732
Al Hufuf,Arabia Saudí,West Asia,Ash Sharqiyah,Pacific Asia,1733
Jilin,China,Eastern Asia,Jilin,Pacific Asia,1734
Covington,Estados Unidos,West of USA ,Washington,USCA,1735
Dorsten,Alemania,Western Europe,Renania del Norte-Westfalia,Europe,1736
Saint-Ouen,Francia,Western Europe,Isla de Francia,Europe,1737
Bressuire,Francia,Western Europe,Aquitania-Lemosín-Poitou-Charentes,Europe,1738
Thonon-les-Bains,Francia,Western Europe,Auvernia-Ródano-Alpes,Europe,1739
Mar del Plata,Argentina,South America,Buenos Aires (provincia),LATAM,1740
Soacha,Colombia,South America,Cundinamarca,LATAM,1741
Iquique,Chile,South America,Tarapacá,LATAM,1742
Boa Esperança,Brasil,South America,Minas Gerais,LATAM,1743
Gladstone,Australia,Oceania,Queensland,Pacific Asia,1744
Mathura,India,South Asia,Uttar Pradesh,Pacific Asia,1745
Amravati,India,South Asia,Maharashtra,Pacific Asia,1746
Chandigarh,India,South Asia,Chandigarh,Pacific Asia,1747
Longview,Estados Unidos,West of USA ,Washington,USCA,1748
Lincoln Park,Estados Unidos,US Center ,Michigan,USCA,1749
Oklahoma City,Estados Unidos,US Center ,Oklahoma,USCA,1750
Orlando,Estados Unidos,South of  USA ,Florida,USCA,1751
Maxixe,Mozambique,East Africa,Inhambane,Africa,1752
Sucy-en-Brie,Francia,Western Europe,Isla de Francia,Europe,1753
Haarlem,Países Bajos,Western Europe,Holanda Septentrional,Europe,1754
Lugo,España,Southern Europe,Galicia,Europe,1755
Guadalajara,España,Southern Europe,Castilla-La Mancha,Europe,1756
Valparaíso,Chile,South America,Valparaíso,LATAM,1757
Nicolás Romero,México,Central America,México,LATAM,1758
Guaratinguetá,Brasil,South America,São Paulo,LATAM,1759
Troy,Estados Unidos,East of USA,Ohio,USCA,1760
Belfort,Francia,Western Europe,Borgoña-Franco Condado,Europe,1761
Teherán,Irán,South Asia,Teherán,Pacific Asia,1762
Luoyang,China,Eastern Asia,Henan,Pacific Asia,1763
Bareilly,India,South Asia,Uttar Pradesh,Pacific Asia,1764
Funabashi,Japón,Eastern Asia,Chiba,Pacific Asia,1765
Dongguan,China,Eastern Asia,Guangdong,Pacific Asia,1766
Nha Trang,Vietnam,Southeast Asia,Khánh Hòa,Pacific Asia,1767
Donghai,China,Eastern Asia,Guangdong,Pacific Asia,1768
Napier,Nueva Zelanda,Oceania,Hawke's Bay,Pacific Asia,1769
Doha,Qatar,West Asia,Doha,Pacific Asia,1770
Wadi as Sir,Jordania,West Asia,Amán,Pacific Asia,1771
Pavlodar,Kazajistán,Central Asia,Pavlodar,Pacific Asia,1772
Qiqihar,China,Eastern Asia,Heilongjiang,Pacific Asia,1773
Xianning,China,Eastern Asia,Hubei,Pacific Asia,1774
Anaheim,Estados Unidos,West of USA ,California,USCA,1775
Louisville,Estados Unidos,West of USA ,Colorado,USCA,1776
Conway,Estados Unidos,South of  USA ,Arkansas,USCA,1777
El Paso,Estados Unidos,US Center ,Texas,USCA,1778
Long Beach,Estados Unidos,West of USA ,California,USCA,1779
Providence,Estados Unidos,East of USA,Rhode Island,USCA,1780
Rochester,Estados Unidos,US Center ,Minnesota,USCA,1781
Riverside,Estados Unidos,West of USA ,California,USCA,1782
Leominster,Estados Unidos,East of USA,Massachusetts,USCA,1783
Austin,Estados Unidos,US Center ,Texas,USCA,1784
Redmond,Estados Unidos,West of USA ,Washington,USCA,1785
Salt Lake City,Estados Unidos,West of USA ,Utah,USCA,1786
Fairfield,Estados Unidos,East of USA,Connecticut,USCA,1787
Waco,Estados Unidos,US Center ,Texas,USCA,1788
Bolingbrook,Estados Unidos,US Center ,Illinois,USCA,1789
San Bernardino,Estados Unidos,West of USA ,California,USCA,1790
Apopka,Estados Unidos,South of  USA ,Florida,USCA,1791
Quincy,Estados Unidos,East of USA,Massachusetts,USCA,1792
Pembroke Pines,Estados Unidos,South of  USA ,Florida,USCA,1793
Everett,Estados Unidos,West of USA ,Washington,USCA,1794
Namibe,Angola,Central Africa,Namibe,Africa,1795
Kisumu,Kenia,East Africa,Nyanza,Africa,1796
Garoua,Camerún,Central Africa,Nord,Africa,1797
Colmar,Francia,Western Europe,Alsacia-Champaña-Ardenas-Lorena,Europe,1798
Benevento,Italia,Southern Europe,Campania,Europe,1799
Noisy-le-Sec,Francia,Western Europe,Isla de Francia,Europe,1800
Longjumeau,Francia,Western Europe,Isla de Francia,Europe,1801
Kerpen,Alemania,Western Europe,Renania del Norte-Westfalia,Europe,1802
Rhondda,Reino Unido,Northern Europe,Gales,Europe,1803
Le Pontet,Francia,Western Europe,Provenza-Alpes-Costa Azul,Europe,1804
Villejuif,Francia,Western Europe,Isla de Francia,Europe,1805
Dos Hermanas,España,Southern Europe,Andalucía,Europe,1806
Sari,Irán,South Asia,Mazandarán,Pacific Asia,1807
Multan,Pakistán,South Asia,Punyab,Pacific Asia,1808
Saga,Japón,Eastern Asia,Saga,Pacific Asia,1809
Allahabad,India,South Asia,Uttar Pradesh,Pacific Asia,1810
Bellevue,Estados Unidos,West of USA ,Washington,USCA,1811
Bowling Green,Estados Unidos,South of  USA ,Kentucky,USCA,1812
Ndola,Zambia,East Africa,Copperbelt,Africa,1813
Mopti,Mali,West Africa,Mopti,Africa,1814
Torre del Greco,Italia,Southern Europe,Campania,Europe,1815
Velletri,Italia,Southern Europe,Lacio,Europe,1816
Durres,Albania,Southern Europe,Durrës,Europe,1817
Guaymas,México,Central America,Sonora,LATAM,1818
Kaifeng,China,Eastern Asia,Henan,Pacific Asia,1819
Queanbeyan,Australia,Oceania,Nueva Gales del Sur,Pacific Asia,1820
Glendale,Estados Unidos,West of USA ,Arizona,USCA,1821
Sandy Springs,Estados Unidos,South of  USA ,Georgia,USCA,1822
Monroe,Estados Unidos,South of  USA ,Luisiana,USCA,1823
Kumasi,Ghana,West Africa,Ashanti,Africa,1824
Bonn,Alemania,Western Europe,Renania del Norte-Westfalia,Europe,1825
Saint-Genis-Laval,Francia,Western Europe,Auvernia-Ródano-Alpes,Europe,1826
La Celle-Saint-Cloud,Francia,Western Europe,Isla de Francia,Europe,1827
Montrouge,Francia,Western Europe,Isla de Francia,Europe,1828
Oyonnax,Francia,Western Europe,Auvernia-Ródano-Alpes,Europe,1829
Karlsruhe,Alemania,Western Europe,Baden-Wurtemberg,Europe,1830
Lora del Río,España,Southern Europe,Andalucía,Europe,1831
Colombes,Francia,Western Europe,Isla de Francia,Europe,1832
Zaanstad,Países Bajos,Western Europe,Holanda Septentrional,Europe,1833
Estepona,España,Southern Europe,Andalucía,Europe,1834
Chimbote,Perú,South America,Ancash,LATAM,1835
Guanajuato,México,Central America,Guanajuato,LATAM,1836
Gurupi,Brasil,South America,Tocantins,LATAM,1837
Tasikmalaya,Indonesia,Southeast Asia,Java Occidental,Pacific Asia,1838
Nasik,India,South Asia,Maharashtra,Pacific Asia,1839
Marikina,Filipinas,Southeast Asia,Capital Nacional,Pacific Asia,1840
Zhumadian,China,Eastern Asia,Henan,Pacific Asia,1841
Kaiyuan,China,Eastern Asia,Liaoning,Pacific Asia,1842
Palm Coast,Estados Unidos,South of  USA ,Florida,USCA,1843
Oshawa,Canada,Canada,Ontario,USCA,1844
Waynesboro,Estados Unidos,South of  USA ,Virginia,USCA,1845
Freeport,Estados Unidos,US Center ,Illinois,USCA,1846
Hesperia,Estados Unidos,West of USA ,California,USCA,1847
Bristol,Estados Unidos,South of  USA ,Tennessee,USCA,1848
Banjarmasin,Indonesia,Southeast Asia,Borneo Meridional,Pacific Asia,1849
Kolwezi,República Democrática del Congo,Central Africa,Katanga,Africa,1850
Puertollano,España,Southern Europe,Castilla-La Mancha,Europe,1851
Salem,Estados Unidos,West of USA ,Oregón,USCA,1852
Chincha Alta,Perú,South America,Ica,LATAM,1853
Laghouat,Argelia,North Africa,Laghouat,Africa,1854
eMbalenhle,SudAfrica,Southern Africa,Mpumalanga,Africa,1855
Lusaka,Zambia,East Africa,Lusaka,Africa,1856
Maidenhead,Reino Unido,Northern Europe,Inglaterra,Europe,1857
Lida,Bielorrusia,Eastern Europe,Grodno,Europe,1858
Lens,Francia,Western Europe,Norte-Paso de Calais-Picardía,Europe,1859
Nottingham,Reino Unido,Northern Europe,Inglaterra,Europe,1860
Fareham,Reino Unido,Northern Europe,Inglaterra,Europe,1861
Runcorn,Reino Unido,Northern Europe,Inglaterra,Europe,1862
Sagunto,España,Southern Europe,Valenciana,Europe,1863
Cannes,Francia,Western Europe,Provenza-Alpes-Costa Azul,Europe,1864
Como,Italia,Southern Europe,Lombardía,Europe,1865
Blackburn,Reino Unido,Northern Europe,Inglaterra,Europe,1866
Vigo,España,Southern Europe,Galicia,Europe,1867
Euskirchen,Alemania,Western Europe,Renania del Norte-Westfalia,Europe,1868
Vernon,Francia,Western Europe,Normandía,Europe,1869
Gubkin,Rusia,Eastern Europe,Bélgorod,Europe,1870
Praga,República Checa,Eastern Europe,Praga,Europe,1871
Troisdorf,Alemania,Western Europe,Renania del Norte-Westfalia,Europe,1872
Leuven,Bélgica,Western Europe,Brabante Flamenco,Europe,1873
Burnley,Reino Unido,Northern Europe,Inglaterra,Europe,1874
Briansk,Rusia,Eastern Europe,Briansk,Europe,1875
Graz,Austria,Western Europe,Stiria,Europe,1876
Bruselas,Bélgica,Western Europe,Bruselas,Europe,1877
Norderstedt,Alemania,Western Europe,Schleswig-Holstein,Europe,1878
Eindhoven,Países Bajos,Western Europe,Brabante Septentrional,Europe,1879
Potosí,Bolivia,South America,Potosí,LATAM,1880
Palmira,Colombia,South America,Valle del Cauca,LATAM,1881
São Luís,Brasil,South America,Marañón,LATAM,1882
Melchor Ocampo,México,Central America,México,LATAM,1883
Guzmán,México,Central America,Jalisco,LATAM,1884
Caçador,Brasil,South America,Santa Catarina,LATAM,1885
Piura,Perú,South America,Piura,LATAM,1886
Ibirité,Brasil,South America,Minas Gerais,LATAM,1887
Zihuatanejo,México,Central America,Guerrero,LATAM,1888
Los Patios,Colombia,South America,Norte de Santander,LATAM,1889
Lençóis Paulista,Brasil,South America,São Paulo,LATAM,1890
Bengkulu,Indonesia,Southeast Asia,Bengkulu,Pacific Asia,1891
Karnal,India,South Asia,Haryana,Pacific Asia,1892
Mentougou,China,Eastern Asia,Pekín,Pacific Asia,1893
Quchan,Irán,South Asia,Jorasán Razaví,Pacific Asia,1894
Hapur,India,South Asia,Uttar Pradesh,Pacific Asia,1895
Jinjiang,China,Eastern Asia,Fujian,Pacific Asia,1896
Sanya,China,Eastern Asia,Hainan,Pacific Asia,1897
Bengbu,China,Eastern Asia,Anhui,Pacific Asia,1898
Hamadán,Irán,South Asia,Hamadán,Pacific Asia,1899
Jining,China,Eastern Asia,Mongolia Interior,Pacific Asia,1900
Jammu,India,South Asia,Jammu y Cachemira,Pacific Asia,1901
Edinburg,Estados Unidos,US Center ,Texas,USCA,1902
Springfield,Estados Unidos,West of USA ,Oregón,USCA,1903
Lake Elsinore,Estados Unidos,West of USA ,California,USCA,1904
Indianapolis,Estados Unidos,US Center ,Indiana,USCA,1905
Allentown,Estados Unidos,East of USA,Pensilvania,USCA,1906
Grand Prairie,Estados Unidos,US Center ,Texas,USCA,1907
New Bedford,Estados Unidos,East of USA,Massachusetts,USCA,1908
Troy,Estados Unidos,East of USA,Nueva York,USCA,1909
Garden City,Estados Unidos,US Center ,Kansas,USCA,1910
La Crosse,Estados Unidos,US Center ,Wisconsin,USCA,1911
Dublín,Estados Unidos,East of USA,Ohio,USCA,1912
Redwood City,Estados Unidos,West of USA ,California,USCA,1913
Everett,Estados Unidos,East of USA,Massachusetts,USCA,1914
Chattanooga,Estados Unidos,South of  USA ,Tennessee,USCA,1915
Jackson,Estados Unidos,South of  USA ,Tennessee,USCA,1916
Mesa,Estados Unidos,West of USA ,Arizona,USCA,1917
Dover,Estados Unidos,East of USA,Nuevo Hampshire,USCA,1918
Mount Vernon,Estados Unidos,East of USA,Nueva York,USCA,1919
North Las Vegas,Estados Unidos,West of USA ,Nevada,USCA,1920
Kenosha,Estados Unidos,US Center ,Wisconsin,USCA,1921
Richmond,Estados Unidos,US Center ,Indiana,USCA,1922
Cleveland,Estados Unidos,East of USA,Ohio,USCA,1923
Avondale,Estados Unidos,West of USA ,Arizona,USCA,1924
Green Bay,Estados Unidos,US Center ,Wisconsin,USCA,1925
Naperville,Estados Unidos,US Center ,Illinois,USCA,1926
Glenview,Estados Unidos,US Center ,Illinois,USCA,1927
Watertown,Estados Unidos,East of USA,Nueva York,USCA,1928
Trenton,Estados Unidos,US Center ,Michigan,USCA,1929
Lakewood,Estados Unidos,East of USA,Ohio,USCA,1930
Bakersfield,Estados Unidos,West of USA ,California,USCA,1931
Plano,Estados Unidos,US Center ,Texas,USCA,1932
Rio Rancho,Estados Unidos,West of USA ,Nuevo México,USCA,1933
Vallejo,Estados Unidos,West of USA ,California,USCA,1934
Bossier City,Estados Unidos,South of  USA ,Luisiana,USCA,1935
Smyrna,Estados Unidos,South of  USA ,Georgia,USCA,1936
Markham,Canada,Canada,Ontario,USCA,1937
Bloomington,Estados Unidos,US Center ,Illinois,USCA,1938
Hackensack,Estados Unidos,East of USA,Nueva Jersey,USCA,1939
Burlington,Estados Unidos,South of  USA ,Carolina del Norte,USCA,1940
Toledo,Estados Unidos,East of USA,Ohio,USCA,1941
Santa Barbara,Estados Unidos,West of USA ,California,USCA,1942
Texas City,Estados Unidos,US Center ,Texas,USCA,1943
Middletown,Estados Unidos,East of USA,Connecticut,USCA,1944
Evanston,Estados Unidos,US Center ,Illinois,USCA,1945
Eugene,Estados Unidos,West of USA ,Oregón,USCA,1946
Pensacola,Estados Unidos,South of  USA ,Florida,USCA,1947
Edmonds,Estados Unidos,West of USA ,Washington,USCA,1948
Plainfield,Estados Unidos,East of USA,Nueva Jersey,USCA,1949
Boynton Beach,Estados Unidos,South of  USA ,Florida,USCA,1950
La Porte,Estados Unidos,US Center ,Indiana,USCA,1951
Irving,Estados Unidos,US Center ,Texas,USCA,1952
Athens,Estados Unidos,South of  USA ,Georgia,USCA,1953
Safi,Marruecos,North Africa,Dukala-Abda,Africa,1954
Béchar,Argelia,North Africa,Béchar,Africa,1955
Yaounde,Camerún,Central Africa,Centro,Africa,1956
Aba,Nigeria,West Africa,Abia,Africa,1957
Ebolowa,Camerún,Central Africa,Sud,Africa,1958
Abeokuta,Nigeria,West Africa,Ogun,Africa,1959
Beni Suef,Egipto,North Africa,Bani Suwayf,Africa,1960
Mubi,Nigeria,West Africa,Adamawa,Africa,1961
Kisangani,República Democrática del Congo,Central Africa,Provincia Oriental,Africa,1962
Kankan,Guinea,West Africa,Kankan,Africa,1963
Krugersdorp,SudAfrica,Southern Africa,Gauteng,Africa,1964
Loubomo,República del Congo,Central Africa,Niari,Africa,1965
Spijkenisse,Países Bajos,Western Europe,Holanda Meridional,Europe,1966
Bedford,Reino Unido,Northern Europe,Inglaterra,Europe,1967
Murcia,España,Southern Europe,Murcia,Europe,1968
Dinslaken,Alemania,Western Europe,Renania del Norte-Westfalia,Europe,1969
Les Mureaux,Francia,Western Europe,Isla de Francia,Europe,1970
Cluj-Napoca,Rumania,Eastern Europe,Cluj,Europe,1971
Bialystok,Polonia,Eastern Europe,Podlaquia,Europe,1972
Roeselare,Bélgica,Western Europe,Flanders Occidental,Europe,1973
Faches-Thumesnil,Francia,Western Europe,Norte-Paso de Calais-Picardía,Europe,1974
Barnsley,Reino Unido,Northern Europe,Inglaterra,Europe,1975
Dudley,Reino Unido,Northern Europe,Inglaterra,Europe,1976
Pomezia,Italia,Southern Europe,Lacio,Europe,1977
Grasse,Francia,Western Europe,Provenza-Alpes-Costa Azul,Europe,1978
Villefontaine,Francia,Western Europe,Auvernia-Ródano-Alpes,Europe,1979
Tarnow,Polonia,Eastern Europe,Polonia Menor,Europe,1980
Rovigo,Italia,Southern Europe,Véneto,Europe,1981
Tuzla,Bosnia y Herzegovina,Southern Europe,Federación de Bosnia y Herzegovina,Europe,1982
Zaporiyia,Ucrania,Eastern Europe,Zaporiyia,Europe,1983
Burgas,Bulgaria,Eastern Europe,Burgas,Europe,1984
Moers,Alemania,Western Europe,Renania del Norte-Westfalia,Europe,1985
Klagenfurt,Austria,Western Europe,Carintia,Europe,1986
Grenoble,Francia,Western Europe,Auvernia-Ródano-Alpes,Europe,1987
Coslada,España,Southern Europe,Madrid,Europe,1988
Witten,Alemania,Western Europe,Renania del Norte-Westfalia,Europe,1989
Fuengirola,España,Southern Europe,Andalucía,Europe,1990
Montigny-le-Bretonneux,Francia,Western Europe,Isla de Francia,Europe,1991
Fleury-les-Aubrais,Francia,Western Europe,Centro-Valle de Loira,Europe,1992
Chesterfield,Reino Unido,Northern Europe,Inglaterra,Europe,1993
Elda,España,Southern Europe,Valenciana,Europe,1994
Pierrefitte-sur-Seine,Francia,Western Europe,Isla de Francia,Europe,1995
Narbonne,Francia,Western Europe,Languedoc-Rosellón-Mediodía-Pirineos,Europe,1996
Bruges,Bélgica,Western Europe,Flanders Occidental,Europe,1997
Frontignan,Francia,Western Europe,Languedoc-Rosellón-Mediodía-Pirineos,Europe,1998
Schiltigheim,Francia,Western Europe,Alsacia-Champaña-Ardenas-Lorena,Europe,1999
Hagen,Alemania,Western Europe,Renania del Norte-Westfalia,Europe,2000
Trieste,Italia,Southern Europe,Friuli-Venecia Julia,Europe,2001
Amiens,Francia,Western Europe,Norte-Paso de Calais-Picardía,Europe,2002
Caucaia,Brasil,South America,Ceará,LATAM,2003
Corrientes,Argentina,South America,Corrientes,LATAM,2004
Novo Cruzeiro,Brasil,South America,Minas Gerais,LATAM,2005
Monclova,México,Central America,Coahuila,LATAM,2006
Boa Vista,Brasil,South America,Roraima,LATAM,2007
Natal,Brasil,South America,Río Grande del Norte,LATAM,2008
Petrópolis,Brasil,South America,Río de Janeiro,LATAM,2009
Cárdenas,Cuba,Caribbean,Matanzas,LATAM,2010
Barbacena,Brasil,South America,Minas Gerais,LATAM,2011
Cuajimalpa,México,Central America,Distrito Federal,LATAM,2012
Jaboticabal,Brasil,South America,São Paulo,LATAM,2013
Mogi das Cruzes,Brasil,South America,São Paulo,LATAM,2014
José Bonifácio,Brasil,South America,São Paulo,LATAM,2015
Bolívar,Venezuela,South America,Bolívar,LATAM,2016
Cuautitlán,México,Central America,México,LATAM,2017
Abreu e Lima,Brasil,South America,Pernambuco,LATAM,2018
Ibagué,Colombia,South America,Tolima,LATAM,2019
Ijuí,Brasil,South America,Rio Grande do Sul,LATAM,2020
Bhopal,India,South Asia,Madhya Pradesh,Pacific Asia,2021
Bhiwandi,India,South Asia,Maharashtra,Pacific Asia,2022
Yokkaichi,Japón,Eastern Asia,Oita,Pacific Asia,2023
Khorramshahr,Irán,South Asia,Juzestán,Pacific Asia,2024
Ambattur,India,South Asia,Tamil Nadu,Pacific Asia,2025
Amol,Irán,South Asia,Mazandarán,Pacific Asia,2026
Felahiye,Turquía,West Asia,Kayseri,Pacific Asia,2027
Menemen,Turquía,West Asia,Izmir,Pacific Asia,2028
Licheng,China,Eastern Asia,Guangdong,Pacific Asia,2029
Geraldton,Australia,Oceania,Australia Occidental,Pacific Asia,2030
Bandirma,Turquía,West Asia,Balikesir,Pacific Asia,2031
Yanji,China,Eastern Asia,Jilin,Pacific Asia,2032
Mascate,Omán,West Asia,Mascate,Pacific Asia,2033
Mary,Turkmenistán,Central Asia,Mary,Pacific Asia,2034
Osmaniye,Turquía,West Asia,Osmaniye,Pacific Asia,2035
Masjed Soleyman,Irán,South Asia,Juzestán,Pacific Asia,2036
Guntur,India,South Asia,Andhra Pradesh,Pacific Asia,2037
Karbala,Irak,West Asia,Karbala,Pacific Asia,2038
Arak,Irán,South Asia,Markazí,Pacific Asia,2039
Changsha,China,Eastern Asia,Hunan,Pacific Asia,2040
Yicheng,China,Eastern Asia,Hubei,Pacific Asia,2041
Matsudo,Japón,Eastern Asia,Chiba,Pacific Asia,2042
Etimesgut,Turquía,West Asia,Ankara,Pacific Asia,2043
Huizhou,China,Eastern Asia,Guangdong,Pacific Asia,2044
Shimonoseki,Japón,Eastern Asia,Yamaguchi,Pacific Asia,2045
Shijiazhuang,China,Eastern Asia,Hebei,Pacific Asia,2046
Coimbatore,India,South Asia,Tamil Nadu,Pacific Asia,2047
Dearborn,Estados Unidos,US Center ,Michigan,USCA,2048
York,Estados Unidos,East of USA,Pensilvania,USCA,2049
Pomona,Estados Unidos,West of USA ,California,USCA,2050
Caldwell,Estados Unidos,West of USA ,Idaho,USCA,2051
Gastonia,Estados Unidos,South of  USA ,Carolina del Norte,USCA,2052
Saginaw,Estados Unidos,US Center ,Michigan,USCA,2053
Dover,Estados Unidos,East of USA,Delaware,USCA,2054
Vancouver,Canada,Canada,Columbia británica,USCA,2055
Lorain,Estados Unidos,East of USA,Ohio,USCA,2056
Lubbock,Estados Unidos,US Center ,Texas,USCA,2057
Saint-Laurent,Canada,Canada,Quebec,USCA,2058
Yonkers,Estados Unidos,East of USA,Nueva York,USCA,2059
Montgomery,Estados Unidos,South of  USA ,Alabama,USCA,2060
Roseville,Estados Unidos,US Center ,Minnesota,USCA,2061
Suffolk,Estados Unidos,South of  USA ,Virginia,USCA,2062
Des Moines,Estados Unidos,West of USA ,Washington,USCA,2063
Utica,Estados Unidos,East of USA,Nueva York,USCA,2064
Apple Valley,Estados Unidos,West of USA ,California,USCA,2065
Washington,Estados Unidos,East of USA,Distrito de Columbia,USCA,2066
Bridgeton,Estados Unidos,East of USA,Nueva Jersey,USCA,2067
Tigard,Estados Unidos,West of USA ,Oregón,USCA,2068
Franklin,Estados Unidos,East of USA,Massachusetts,USCA,2069
Rockford,Estados Unidos,US Center ,Illinois,USCA,2070
Malden,Estados Unidos,East of USA,Massachusetts,USCA,2071
Fairfield,Estados Unidos,East of USA,Ohio,USCA,2072
Bloemfontein,SudAfrica,Southern Africa,Estado Libre,Africa,2073
Batna,Argelia,North Africa,Batna,Africa,2074
Sokoto,Nigeria,West Africa,Sokoto,Africa,2075
Westonaria,SudAfrica,Southern Africa,Gauteng,Africa,2076
Túnez,Túnez,North Africa,Túnez,Africa,2077
Maradi,Níger,West Africa,Maradi,Africa,2078
Benguela,Angola,Central Africa,Benguela,Africa,2079
Bideford,Reino Unido,Northern Europe,Inglaterra,Europe,2080
Friedberg,Alemania,Western Europe,Hesse,Europe,2081
Schiffweiler,Alemania,Western Europe,Sarre,Europe,2082
Resita,Rumania,Eastern Europe,Caras-Severin,Europe,2083
Rosny-sous-Bois,Francia,Western Europe,Isla de Francia,Europe,2084
Lisieux,Francia,Western Europe,Normandía,Europe,2085
Arad,Rumania,Eastern Europe,Arad,Europe,2086
Montereau-Fault-Yonne,Francia,Western Europe,Isla de Francia,Europe,2087
Uman,Ucrania,Eastern Europe,Cherkasy,Europe,2088
Passau,Alemania,Western Europe,Bavaria,Europe,2089
Busto Arsizio,Italia,Southern Europe,Lombardía,Europe,2090
Luts'k,Ucrania,Eastern Europe,Volinia,Europe,2091
Denain,Francia,Western Europe,Norte-Paso de Calais-Picardía,Europe,2092
Bourges,Francia,Western Europe,Centro-Valle de Loira,Europe,2093
Meaux,Francia,Western Europe,Isla de Francia,Europe,2094
Slough,Reino Unido,Northern Europe,Inglaterra,Europe,2095
Reading,Reino Unido,Northern Europe,Inglaterra,Europe,2096
El Ejido,España,Southern Europe,Andalucía,Europe,2097
Cottbus,Alemania,Western Europe,Brandenburgo,Europe,2098
Lakewood,Estados Unidos,West of USA ,California,USCA,2099
Sunnyvale,Estados Unidos,West of USA ,California,USCA,2100
Carrollton,Estados Unidos,US Center ,Texas,USCA,2101
Pine Bluff,Estados Unidos,South of  USA ,Arkansas,USCA,2102
Laredo,Estados Unidos,US Center ,Texas,USCA,2103
Mishawaka,Estados Unidos,US Center ,Indiana,USCA,2104
Ngaoundere,Camerún,Central Africa,Adamaoua,Africa,2105
Makeni,Sierra Leona,West Africa,Septentrional,Africa,2106
Mbeya,Tanzania,East Africa,Mbeya,Africa,2107
Ilorin,Nigeria,West Africa,Kwara,Africa,2108
Jos,Nigeria,West Africa,Plateau,Africa,2109
Natitingou,Benín,West Africa,Atakora,Africa,2110
East London,SudAfrica,Southern Africa,Cabo Oriental,Africa,2111
Yibuti,Yibuti,East Africa,Yibuti,Africa,2112
Bertoua,Camerún,Central Africa,Est,Africa,2113
Bilbeis,Egipto,North Africa,Ash Sharqiyah,Africa,2114
Grodno,Bielorrusia,Eastern Europe,Grodno,Europe,2115
Wels,Austria,Western Europe,Alta Austria,Europe,2116
Villeneuve-sur-Lot,Francia,Western Europe,Aquitania-Lemosín-Poitou-Charentes,Europe,2117
Taverny,Francia,Western Europe,Isla de Francia,Europe,2118
Usol'ye-Sibirskoye,Rusia,Eastern Europe,Irkutsk,Europe,2119
Kopeysk,Rusia,Eastern Europe,Cheliábinsk,Europe,2120
Santiago de Compostela,España,Southern Europe,Galicia,Europe,2121
Guyancourt,Francia,Western Europe,Isla de Francia,Europe,2122
Norwich,Reino Unido,Northern Europe,Inglaterra,Europe,2123
Bolzano,Italia,Southern Europe,Trentino-Alto Adigio,Europe,2124
Baia Mare,Rumania,Eastern Europe,Maramures,Europe,2125
Le Cannet,Francia,Western Europe,Provenza-Alpes-Costa Azul,Europe,2126
Ludwigshafen am Rhein,Alemania,Western Europe,Renania-Palatinado,Europe,2127
Drogobych,Ucrania,Eastern Europe,Lviv,Europe,2128
Chisináu,Moldavia,Eastern Europe,Chisináu,Europe,2129
Gardanne,Francia,Western Europe,Provenza-Alpes-Costa Azul,Europe,2130
Beaune,Francia,Western Europe,Borgoña-Franco Condado,Europe,2131
Guayana,Venezuela,South America,Bolívar,LATAM,2132
Ocaña,Colombia,South America,Norte de Santander,LATAM,2133
Sahuayo de José María Morelos,México,Central America,Michoacán,LATAM,2134
Duque de Caxias,Brasil,South America,Río de Janeiro,LATAM,2135
Chetumal,México,Central America,Quintana Roo,LATAM,2136
Montes Claros,Brasil,South America,Minas Gerais,LATAM,2137
Goiânia,Brasil,South America,Goiás,LATAM,2138
Fresnillo de González Echeverría,México,Central America,Zacatecas,LATAM,2139
Carora,Venezuela,South America,Lara,LATAM,2140
Diadema,Brasil,South America,São Paulo,LATAM,2141
Esenyurt,Turquía,West Asia,Estambul,Pacific Asia,2142
Khomeynishahr,Irán,South Asia,Isfahán,Pacific Asia,2143
Banda Aceh,Indonesia,Southeast Asia,Aceh,Pacific Asia,2144
Sabzevar,Irán,South Asia,Jorasán Razaví,Pacific Asia,2145
Shuangyashan,China,Eastern Asia,Heilongjiang,Pacific Asia,2146
Ueda,Japón,Eastern Asia,Nagano,Pacific Asia,2147
Hastings,Nueva Zelanda,Oceania,Hawke's Bay,Pacific Asia,2148
Hendersonville,Estados Unidos,South of  USA ,Tennessee,USCA,2149
Scottsdale,Estados Unidos,West of USA ,Arizona,USCA,2150
Hickory,Estados Unidos,South of  USA ,Carolina del Norte,USCA,2151
Meridian,Estados Unidos,West of USA ,Idaho,USCA,2152
Waterloo,Canada,Canada,Ontario,USCA,2153
Knoxville,Estados Unidos,South of  USA ,Tennessee,USCA,2154
Bafoussam,Camerún,Central Africa,Ouest,Africa,2155
Kigoma,Tanzania,East Africa,Kigoma,Africa,2156
Bujumbura,Burundi,East Africa,Buyumbura Mairie,Africa,2157
Beauvais,Francia,Western Europe,Norte-Paso de Calais-Picardía,Europe,2158
Ceuta,España,Southern Europe,Ceuta,Europe,2159
Quartu Sant'Elena,Italia,Southern Europe,Cerdeña,Europe,2160
Castellammare di Stabia,Italia,Southern Europe,Campania,Europe,2161
Nizhyn,Ucrania,Eastern Europe,Chernihiv,Europe,2162
Rybnik,Polonia,Eastern Europe,Silesia,Europe,2163
Worthing,Reino Unido,Northern Europe,Inglaterra,Europe,2164
York,Reino Unido,Northern Europe,Inglaterra,Europe,2165
Santander,España,Southern Europe,Cantabria,Europe,2166
Oxford,Reino Unido,Northern Europe,Inglaterra,Europe,2167
Fiumicino,Italia,Southern Europe,Lacio,Europe,2168
Sant Boi de Llobregat,España,Southern Europe,Cataluña,Europe,2169
Podgorica,Montenegro,Southern Europe,Podgorica,Europe,2170
Sarajevo,Bosnia y Herzegovina,Southern Europe,Federación de Bosnia y Herzegovina,Europe,2171
Garza García,México,Central America,Nuevo León,LATAM,2172
Orange,Australia,Oceania,Nueva Gales del Sur,Pacific Asia,2173
Sterling Heights,Estados Unidos,US Center ,Michigan,USCA,2174
Hialeah,Estados Unidos,South of  USA ,Florida,USCA,2175
Chandler,Estados Unidos,West of USA ,Arizona,USCA,2176
Chalinze,Tanzania,East Africa,Pwani,Africa,2177
Libreville,Gabón,Central Africa,Estuaire,Africa,2178
Vignola,Italia,Southern Europe,Emilia-Romaña,Europe,2179
Fontenay-le-Comte,Francia,Western Europe,Países del Loira,Europe,2180
Delft,Países Bajos,Western Europe,Holanda Meridional,Europe,2181
Abbeville,Francia,Western Europe,Norte-Paso de Calais-Picardía,Europe,2182
Chester,Reino Unido,Northern Europe,Inglaterra,Europe,2183
Saint-Pierre-des-Corps,Francia,Western Europe,Centro-Valle de Loira,Europe,2184
Washington,Reino Unido,Northern Europe,Inglaterra,Europe,2185
Bath,Reino Unido,Northern Europe,Inglaterra,Europe,2186
Vlore,Albania,Southern Europe,Vlorë,Europe,2187
Cremona,Italia,Southern Europe,Lombardía,Europe,2188
Colomiers,Francia,Western Europe,Languedoc-Rosellón-Mediodía-Pirineos,Europe,2189
Lorena,Brasil,South America,São Paulo,LATAM,2190
Paranaguá,Brasil,South America,Paraná,LATAM,2191
Mosquera,Colombia,South America,Cundinamarca,LATAM,2192
Guanambi,Brasil,South America,Bahía,LATAM,2193
Andijon,Uzbekistán,Central Asia,Andiján,Pacific Asia,2194
Papakura,Nueva Zelanda,Oceania,Auckland,Pacific Asia,2195
Ningbo,China,Eastern Asia,Zhejiang,Pacific Asia,2196
Orange,Estados Unidos,East of USA,Nueva Jersey,USCA,2197
Bedford,Estados Unidos,US Center ,Texas,USCA,2198
Bristol,Estados Unidos,East of USA,Connecticut,USCA,2199
Brampton,Canada,Canada,Ontario,USCA,2200
Severodvinsk,Rusia,Eastern Europe,Arjánguelsk,Europe,2201
San Bernardo,Chile,South America,Santiago de Chile,LATAM,2202
Islamabad,Pakistán,South Asia,Territorio de la Capital Federal,Pacific Asia,2203
Wuchang,China,Eastern Asia,Heilongjiang,Pacific Asia,2204
Johnson City,Estados Unidos,South of  USA ,Tennessee,USCA,2205
Saint-Dizier,Francia,Western Europe,Alsacia-Champaña-Ardenas-Lorena,Europe,2206
Lake Charles,Estados Unidos,South of  USA ,Luisiana,USCA,2207
Al Manaqil,Sudán,North Africa,Gezira,Africa,2208
Sidi Qacem,Marruecos,North Africa,Garb-Chrarda-Beni Hsen,Africa,2209
Saint-Nazaire,Francia,Western Europe,Países del Loira,Europe,2210
Gulu,Uganda,East Africa,Gulu,Africa,2211
Boscoreale,Italia,Southern Europe,Campania,Europe,2212
Cagua,Venezuela,South America,Aragua,LATAM,2213
Cuenca,Ecuador,South America,Azuay,LATAM,2214
Nanning,China,Eastern Asia,Guangxi,Pacific Asia,2215
Mission Viejo,Estados Unidos,West of USA ,California,USCA,2216
Barry,Reino Unido,Northern Europe,Gales,Europe,2217
Yulin,China,Eastern Asia,Shaanxi,Pacific Asia,2218
Kafr ad Dawwar,Egipto,North Africa,Al Buhayrah,Africa,2219
Morley,Reino Unido,Northern Europe,Inglaterra,Europe,2220
Rio Grande,Brasil,South America,Rio Grande do Sul,LATAM,2221
Peshawar,Pakistán,South Asia,Jaiber Pajtunjuá,Pacific Asia,2222
Girón,Colombia,South America,Santander,LATAM,2223
Coventry,Reino Unido,Northern Europe,Inglaterra,Europe,2224
Kigali,Ruanda,East Africa,Kigali,Africa,2225
Juba,Sudán del Sur,East Africa,Ecuatoria Central,Africa,2226
Koblenz,Alemania,Western Europe,Renania-Palatinado,Europe,2227
Unna,Alemania,Western Europe,Renania del Norte-Westfalia,Europe,2228
Luxemburgo,Luxemburgo,Western Europe,Luxemburgo,Europe,2229
Newcastle upon Tyne,Reino Unido,Northern Europe,Inglaterra,Europe,2230
Maisons-Laffitte,Francia,Western Europe,Isla de Francia,Europe,2231
Toul,Francia,Western Europe,Alsacia-Champaña-Ardenas-Lorena,Europe,2232
Pinheiro,Brasil,South America,Marañón,LATAM,2233
Sucre,Bolivia,South America,Chuquisaca,LATAM,2234
San Lorenzo,Paraguay,South America,Central,LATAM,2235
Petare,Venezuela,South America,Miranda,LATAM,2236
Zhongxiang,China,Eastern Asia,Hubei,Pacific Asia,2237
Indore,India,South Asia,Madhya Pradesh,Pacific Asia,2238
Salem,India,South Asia,Tamil Nadu,Pacific Asia,2239
Shah Alam,Malasia,Southeast Asia,Selangor,Pacific Asia,2240
Zunyi,China,Eastern Asia,Guizhou,Pacific Asia,2241
Gaithersburg,Estados Unidos,East of USA,Maryland,USCA,2242
Carlsbad,Estados Unidos,West of USA ,Nuevo México,USCA,2243
Vineland,Estados Unidos,East of USA,Nueva Jersey,USCA,2244
George,SudAfrica,Southern Africa,Cabo Occidental,Africa,2245
Liverpool,Reino Unido,Northern Europe,Inglaterra,Europe,2246
Pingdingshan,China,Eastern Asia,Henan,Pacific Asia,2247
Patiala,India,South Asia,Punyab,Pacific Asia,2248
Kumba,Camerún,Central Africa,Ouest del Sur,Africa,2249
Beni Mellal,Marruecos,North Africa,Tadla-Azilal,Africa,2250
Iasi,Rumania,Eastern Europe,Iasi,Europe,2251
Hinckley,Reino Unido,Northern Europe,Inglaterra,Europe,2252
Arras,Francia,Western Europe,Norte-Paso de Calais-Picardía,Europe,2253
Kettering,Reino Unido,Northern Europe,Inglaterra,Europe,2254
Bar-le-Duc,Francia,Western Europe,Alsacia-Champaña-Ardenas-Lorena,Europe,2255
Latina,Italia,Southern Europe,Lacio,Europe,2256
Imola,Italia,Southern Europe,Emilia-Romaña,Europe,2257
El Prat de Llobregat,España,Southern Europe,Cataluña,Europe,2258
Venlo,Países Bajos,Western Europe,Limburgo,Europe,2259
Saint-Cyr-sur-Loire,Francia,Western Europe,Centro-Valle de Loira,Europe,2260
Yambol,Bulgaria,Eastern Europe,Yambol,Europe,2261
Echirolles,Francia,Western Europe,Auvernia-Ródano-Alpes,Europe,2262
Saumur,Francia,Western Europe,Países del Loira,Europe,2263
Villingen-Schwenningen,Alemania,Western Europe,Baden-Wurtemberg,Europe,2264
Bristol,Reino Unido,Northern Europe,Inglaterra,Europe,2265
Grevenbroich,Alemania,Western Europe,Renania del Norte-Westfalia,Europe,2266
Carquefou,Francia,Western Europe,Países del Loira,Europe,2267
Worcester,Reino Unido,Northern Europe,Inglaterra,Europe,2268
Osasco,Brasil,South America,São Paulo,LATAM,2269
Salamanca,México,Central America,Guanajuato,LATAM,2270
Behshahr,Irán,South Asia,Mazandarán,Pacific Asia,2271
Puducherry,India,South Asia,Puducherry,Pacific Asia,2272
Cuttack,India,South Asia,Odisha,Pacific Asia,2273
Mcallen,Estados Unidos,US Center ,Texas,USCA,2274
Angers,Francia,Western Europe,Países del Loira,Europe,2275
Hradec Králové,República Checa,Eastern Europe,Hradec Králové,Europe,2276
Presidencia Roque Sáenz Peña,Argentina,South America,Chaco,LATAM,2277
Greensboro,Estados Unidos,South of  USA ,Carolina del Norte,USCA,2278
Oceanside,Estados Unidos,West of USA ,California,USCA,2279
Beira,Mozambique,East Africa,Sofala,Africa,2280
Sikasso,Mali,West Africa,Sikasso,Africa,2281
Arusha,Tanzania,East Africa,Arusha,Africa,2282
Sokode,Togo,West Africa,Central,Africa,2283
Chingola,Zambia,East Africa,Copperbelt,Africa,2284
Owo,Nigeria,West Africa,Ondo,Africa,2285
Menia,Egipto,North Africa,Menia,Africa,2286
Giyani,SudAfrica,Southern Africa,Limpopo,Africa,2287
Windhoek,Namibia,Southern Africa,Khomas,Africa,2288
Nouakchott,Mauritania,West Africa,Nouakchott,Africa,2289
Benin City,Nigeria,West Africa,Edo,Africa,2290
Pemba,Mozambique,East Africa,Cabo Delgado,Africa,2291
Ilesha,Nigeria,West Africa,Osun,Africa,2292
Mpumalanga,SudAfrica,Southern Africa,KwaZulu-Natal,Africa,2293
Messaad,Argelia,North Africa,Djelfa,Africa,2294
Marsabit,Kenia,East Africa,Oriental,Africa,2295
Kandi,Benín,West Africa,Alibori,Africa,2296
Bo,Sierra Leona,West Africa,Meridional,Africa,2297
Torcy,Francia,Western Europe,Isla de Francia,Europe,2298
Flensburg,Alemania,Western Europe,Schleswig-Holstein,Europe,2299
Basel,Suiza,Western Europe,Basilea-Ciudad,Europe,2300
La Spezia,Italia,Southern Europe,Liguria,Europe,2301
Roermond,Países Bajos,Western Europe,Limburgo,Europe,2302
Krasnyy Luch,Ucrania,Eastern Europe,Lugansk,Europe,2303
Pforzheim,Alemania,Western Europe,Baden-Wurtemberg,Europe,2304
Potenza,Italia,Southern Europe,Basilicata,Europe,2305
Alkmaar,Países Bajos,Western Europe,Holanda Septentrional,Europe,2306
Torquay,Reino Unido,Northern Europe,Inglaterra,Europe,2307
Nitra,Eslovaquia,Eastern Europe,Nitra,Europe,2308
Laval,Francia,Western Europe,Países del Loira,Europe,2309
Nikopol,Ucrania,Eastern Europe,Dnipropetrovsk,Europe,2310
Trento,Italia,Southern Europe,Trentino-Alto Adigio,Europe,2311
Hilversum,Países Bajos,Western Europe,Holanda Septentrional,Europe,2312
Neuilly-Plaisance,Francia,Western Europe,Isla de Francia,Europe,2313
Sonderborg,Dinamarca,Northern Europe,Dinamarca Meridional,Europe,2314
Landskrona,Suecia,Northern Europe,Escania,Europe,2315
Evreux,Francia,Western Europe,Normandía,Europe,2316
Illkirch-Graffenstaden,Francia,Western Europe,Alsacia-Champaña-Ardenas-Lorena,Europe,2317
Foligno,Italia,Southern Europe,Umbría,Europe,2318
Ercolano,Italia,Southern Europe,Campania,Europe,2319
Leverkusen,Alemania,Western Europe,Renania del Norte-Westfalia,Europe,2320
Deventer,Países Bajos,Western Europe,Overijssel,Europe,2321
Zhlobin,Bielorrusia,Eastern Europe,Gómel,Europe,2322
Parla,España,Southern Europe,Madrid,Europe,2323
Lecce,Italia,Southern Europe,Apulia,Europe,2324
Alfortville,Francia,Western Europe,Isla de Francia,Europe,2325
Ternópil,Ucrania,Eastern Europe,Ternópil,Europe,2326
Toledo,España,Southern Europe,Castilla-La Mancha,Europe,2327
Nogent-sur-Oise,Francia,Western Europe,Norte-Paso de Calais-Picardía,Europe,2328
Douai,Francia,Western Europe,Norte-Paso de Calais-Picardía,Europe,2329
Saint-Herblain,Francia,Western Europe,Países del Loira,Europe,2330
Mitry-Mory,Francia,Western Europe,Isla de Francia,Europe,2331
Korce,Albania,Southern Europe,Korçë,Europe,2332
Huyton,Reino Unido,Northern Europe,Inglaterra,Europe,2333
Lausanne,Suiza,Western Europe,Vaud,Europe,2334
Montesson,Francia,Western Europe,Isla de Francia,Europe,2335
Buzau,Rumania,Eastern Europe,Buzau,Europe,2336
Salamanca,España,Southern Europe,Castilla y León,Europe,2337
Eragny,Francia,Western Europe,Isla de Francia,Europe,2338
Les Ulis,Francia,Western Europe,Isla de Francia,Europe,2339
Hove,Reino Unido,Northern Europe,Inglaterra,Europe,2340
Namur,Bélgica,Western Europe,Namur,Europe,2341
Yerres,Francia,Western Europe,Isla de Francia,Europe,2342
Taranto,Italia,Southern Europe,Apulia,Europe,2343
Innsbruck,Austria,Western Europe,Tirol,Europe,2344
Wakefield,Reino Unido,Northern Europe,Inglaterra,Europe,2345
Lunel,Francia,Western Europe,Languedoc-Rosellón-Mediodía-Pirineos,Europe,2346
Assen,Países Bajos,Western Europe,Drenthe,Europe,2347
Bottrop,Alemania,Western Europe,Renania del Norte-Westfalia,Europe,2348
Alcobendas,España,Southern Europe,Madrid,Europe,2349
Lund,Suecia,Northern Europe,Escania,Europe,2350
Pistoia,Italia,Southern Europe,Toscana,Europe,2351
Landerneau,Francia,Western Europe,Bretaña,Europe,2352
Hemel Hempstead,Reino Unido,Northern Europe,Inglaterra,Europe,2353
Paderborn,Alemania,Western Europe,Renania del Norte-Westfalia,Europe,2354
Rochdale,Reino Unido,Northern Europe,Inglaterra,Europe,2355
Minden,Alemania,Western Europe,Renania del Norte-Westfalia,Europe,2356
Coimbra,Portugal,Southern Europe,Coimbra,Europe,2357
Roubaix,Francia,Western Europe,Norte-Paso de Calais-Picardía,Europe,2358
Auxerre,Francia,Western Europe,Borgoña-Franco Condado,Europe,2359
Saint-Jean-de-la-Ruelle,Francia,Western Europe,Centro-Valle de Loira,Europe,2360
Forbach,Francia,Western Europe,Alsacia-Champaña-Ardenas-Lorena,Europe,2361
Aalst,Bélgica,Western Europe,Flanders Oriental,Europe,2362
Lomme,Francia,Western Europe,Norte-Paso de Calais-Picardía,Europe,2363
Plock,Polonia,Eastern Europe,Mazovia,Europe,2364
Sittard,Países Bajos,Western Europe,Limburgo,Europe,2365
Troyes,Francia,Western Europe,Alsacia-Champaña-Ardenas-Lorena,Europe,2366
Panevezys,Lituania,Northern Europe,Panevezys,Europe,2367
Athens,Grecia,Southern Europe,Attica,Europe,2368
Cherkasy,Ucrania,Eastern Europe,Cherkasy,Europe,2369
Sibiu,Rumania,Eastern Europe,Sibiu,Europe,2370
Chelmsford,Reino Unido,Northern Europe,Inglaterra,Europe,2371
Gillingham,Reino Unido,Northern Europe,Inglaterra,Europe,2372
Velsen,Países Bajos,Western Europe,Holanda Septentrional,Europe,2373
Regensburg,Alemania,Western Europe,Bavaria,Europe,2374
Sale,Reino Unido,Northern Europe,Inglaterra,Europe,2375
Jundiaí,Brasil,South America,São Paulo,LATAM,2376
Ardebil,Irán,South Asia,Ardebil,Pacific Asia,2377
Barasat,India,South Asia,Bengala Occidental,Pacific Asia,2378
Can Tho,Vietnam,Southeast Asia,T?nh C?n Th?,Pacific Asia,2379
Binjai,Indonesia,Southeast Asia,Sumatra Septentrional,Pacific Asia,2380
Sanandaj,Irán,South Asia,Kurdistán,Pacific Asia,2381
Yangquan,China,Eastern Asia,Shanxi,Pacific Asia,2382
Elazig,Turquía,West Asia,Elazig,Pacific Asia,2383
Florence,Estados Unidos,South of  USA ,Carolina del Sur,USCA,2384
Lake Forest,Estados Unidos,West of USA ,California,USCA,2385
Marion,Estados Unidos,East of USA,Ohio,USCA,2386
Jupiter,Estados Unidos,South of  USA ,Florida,USCA,2387
Coral Springs,Estados Unidos,South of  USA ,Florida,USCA,2388
Georgetown,Estados Unidos,South of  USA ,Kentucky,USCA,2389
Man,Costa de Marfil,West Africa,Dix-Huit Montagnes,Africa,2390
Kamina,República Democrática del Congo,Central Africa,Katanga,Africa,2391
Owerri,Nigeria,West Africa,Imo,Africa,2392
Birkenhead,Reino Unido,Northern Europe,Inglaterra,Europe,2393
Massy,Francia,Western Europe,Isla de Francia,Europe,2394
Helsingborg,Suecia,Northern Europe,Escania,Europe,2395
Falconara Marittima,Italia,Southern Europe,Marche,Europe,2396
Plovdiv,Bulgaria,Eastern Europe,Plovdiv,Europe,2397
Legnano,Italia,Southern Europe,Lombardía,Europe,2398
Lattes,Francia,Western Europe,Languedoc-Rosellón-Mediodía-Pirineos,Europe,2399
Middlesbrough,Reino Unido,Northern Europe,Inglaterra,Europe,2400
Lippstadt,Alemania,Western Europe,Renania del Norte-Westfalia,Europe,2401
Braila,Rumania,Eastern Europe,Braila,Europe,2402
Montgeron,Francia,Western Europe,Isla de Francia,Europe,2403
Vitry-sur-Seine,Francia,Western Europe,Isla de Francia,Europe,2404
Ploemeur,Francia,Western Europe,Bretaña,Europe,2405
Manresa,España,Southern Europe,Cataluña,Europe,2406
Bamberg,Alemania,Western Europe,Bavaria,Europe,2407
Ipiales,Colombia,South America,Nariño,LATAM,2408
Baruta,Venezuela,South America,Miranda,LATAM,2409
Rosarito,México,Central America,Baja California,LATAM,2410
Tirupati,India,South Asia,Andhra Pradesh,Pacific Asia,2411
Naihati,India,South Asia,Bengala Occidental,Pacific Asia,2412
Changde,China,Eastern Asia,Hunan,Pacific Asia,2413
Concord,Estados Unidos,South of  USA ,Carolina del Norte,USCA,2414
Larache,Marruecos,North Africa,Tánger-Tetuán,Africa,2415
Atakpame,Togo,West Africa,Plateaux,Africa,2416
Funtua,Nigeria,West Africa,Katsina,Africa,2417
Mabopane,SudAfrica,Southern Africa,Gauteng,Africa,2418
Istres,Francia,Western Europe,Provenza-Alpes-Costa Azul,Europe,2419
Bergen,Noruega,Northern Europe,Hordaland,Europe,2420
Albacete,España,Southern Europe,Castilla-La Mancha,Europe,2421
Cluses,Francia,Western Europe,Auvernia-Ródano-Alpes,Europe,2422
Cartagena,España,Southern Europe,Murcia,Europe,2423
Lucca,Italia,Southern Europe,Toscana,Europe,2424
Vertou,Francia,Western Europe,Países del Loira,Europe,2425
Hattingen,Alemania,Western Europe,Renania del Norte-Westfalia,Europe,2426
Pesaro,Italia,Southern Europe,Marche,Europe,2427
Sonneberg,Alemania,Western Europe,Turingia,Europe,2428
Saint-Laurent-du-Var,Francia,Western Europe,Provenza-Alpes-Costa Azul,Europe,2429
Harrogate,Reino Unido,Northern Europe,Inglaterra,Europe,2430
Badajoz,España,Southern Europe,Extremadura,Europe,2431
Limoges,Francia,Western Europe,Aquitania-Lemosín-Poitou-Charentes,Europe,2432
Chilpancingo,México,Central America,Guerrero,LATAM,2433
Tianguá,Brasil,South America,Ceará,LATAM,2434
Linares,México,Central America,Nuevo León,LATAM,2435
Paracatu,Brasil,South America,Minas Gerais,LATAM,2436
Florencia,Colombia,South America,Caquetá,LATAM,2437
Acarigua,Venezuela,South America,Portuguesa,LATAM,2438
Manzanillo,México,Central America,Colima,LATAM,2439
Ituiutaba,Brasil,South America,Minas Gerais,LATAM,2440
Torquay,Australia,Oceania,Queensland,Pacific Asia,2441
Akola,India,South Asia,Maharashtra,Pacific Asia,2442
Forster,Australia,Oceania,Nueva Gales del Sur,Pacific Asia,2443
Plantation,Estados Unidos,South of  USA ,Florida,USCA,2444
Murray,Estados Unidos,West of USA ,Utah,USCA,2445
Hattiesburg,Estados Unidos,South of  USA ,Misisipi,USCA,2446
Manchester,Estados Unidos,East of USA,Connecticut,USCA,2447
Rochester,Estados Unidos,East of USA,Nueva York,USCA,2448
Olympia,Estados Unidos,West of USA ,Washington,USCA,2449
Corpus Christi,Estados Unidos,US Center ,Texas,USCA,2450
Layton,Estados Unidos,West of USA ,Utah,USCA,2451
Normal,Estados Unidos,US Center ,Illinois,USCA,2452
West Jordan,Estados Unidos,West of USA ,Utah,USCA,2453
Antioch,Estados Unidos,West of USA ,California,USCA,2454
Roseville,Estados Unidos,West of USA ,California,USCA,2455
Broomfield,Estados Unidos,West of USA ,Colorado,USCA,2456
Pleasant Grove,Estados Unidos,West of USA ,Utah,USCA,2457
Margate,Estados Unidos,South of  USA ,Florida,USCA,2458
Beverly,Estados Unidos,East of USA,Massachusetts,USCA,2459
New Rochelle,Estados Unidos,East of USA,Nueva York,USCA,2460
Marsa Matruh,Egipto,North Africa,Matruh,Africa,2461
Mostaganem,Argelia,North Africa,Mostaganem,Africa,2462
Khenifra,Marruecos,North Africa,Mequinez-Tafilalet,Africa,2463
Onitsha,Nigeria,West Africa,Anambra,Africa,2464
Misurata,Libia,North Africa,Misurata,Africa,2465
Bamako,Mali,West Africa,Bamako,Africa,2466
Skikda,Argelia,North Africa,Skikda,Africa,2467
Agadir,Marruecos,North Africa,Sus-Masa-Draa,Africa,2468
Bamenda,Camerún,Central Africa,Nord-Ouest,Africa,2469
Firminy,Francia,Western Europe,Auvernia-Ródano-Alpes,Europe,2470
Hereford,Reino Unido,Northern Europe,Inglaterra,Europe,2471
Targu Jiu,Rumania,Eastern Europe,Gorj,Europe,2472
Palencia,España,Southern Europe,Castilla y León,Europe,2473
Hazebrouck,Francia,Western Europe,Norte-Paso de Calais-Picardía,Europe,2474
Taunton,Reino Unido,Northern Europe,Inglaterra,Europe,2475
Jena,Alemania,Western Europe,Turingia,Europe,2476
Gradignan,Francia,Western Europe,Aquitania-Lemosín-Poitou-Charentes,Europe,2477
Berdychiv,Ucrania,Eastern Europe,Zhytómyr,Europe,2478
Randers,Dinamarca,Northern Europe,Jutlandia Central,Europe,2479
Chernihiv,Ucrania,Eastern Europe,Chernihiv,Europe,2480
Capelle aan den IJssel,Países Bajos,Western Europe,Holanda Meridional,Europe,2481
Antibes,Francia,Western Europe,Provenza-Alpes-Costa Azul,Europe,2482
Marsala,Italia,Southern Europe,Sicilia,Europe,2483
Valle Hermoso,México,Central America,Tamaulipas,LATAM,2484
Araucária,Brasil,South America,Paraná,LATAM,2485
Bahía Blanca,Argentina,South America,Buenos Aires (provincia),LATAM,2486
Arica,Chile,South America,Arica y Parinacota,LATAM,2487
Port Arthur,Estados Unidos,US Center ,Texas,USCA,2488
Port Said,Egipto,North Africa,Puerto Saíd,Africa,2489
Vigevano,Italia,Southern Europe,Lombardía,Europe,2490
Sarreguemines,Francia,Western Europe,Alsacia-Champaña-Ardenas-Lorena,Europe,2491
Evry,Francia,Western Europe,Isla de Francia,Europe,2492
Warrington,Reino Unido,Northern Europe,Inglaterra,Europe,2493
Yacuiba,Bolivia,South America,Tarija,LATAM,2494
Itapetininga,Brasil,South America,São Paulo,LATAM,2495
Conselheiro Lafaiete,Brasil,South America,Minas Gerais,LATAM,2496
Etawah,India,South Asia,Uttar Pradesh,Pacific Asia,2497
Yueyang,China,Eastern Asia,Hunan,Pacific Asia,2498
Torrance,Estados Unidos,West of USA ,California,USCA,2499
Alessandria,Italia,Southern Europe,Piamonte,Europe,2500
Provo,Estados Unidos,West of USA ,Utah,USCA,2501
Cumaná,Venezuela,South America,Sucre,LATAM,2502
Chililabombwe,Zambia,East Africa,Copperbelt,Africa,2503
Kayes,Mali,West Africa,Kayes,Africa,2504
Kabwe,Zambia,East Africa,Central,Africa,2505
Sanary-sur-Mer,Francia,Western Europe,Provenza-Alpes-Costa Azul,Europe,2506
Schwerin,Alemania,Western Europe,Mecklemburgo-Pomerania Occidental,Europe,2507
Weston-super-Mare,Reino Unido,Northern Europe,Inglaterra,Europe,2508
Fresnes,Francia,Western Europe,Isla de Francia,Europe,2509
Limay,Francia,Western Europe,Isla de Francia,Europe,2510
Kalisz,Polonia,Eastern Europe,Gran Polonia,Europe,2511
Ensenada,México,Central America,Baja California,LATAM,2512
Yaritagua,Venezuela,South America,Yaracuy,LATAM,2513
Ananindeua,Brasil,South America,Pará,LATAM,2514
Dourados,Brasil,South America,Mato Grosso del Sur,LATAM,2515
Chillán,Chile,South America,Bío-Bío,LATAM,2516
Valparaíso de Goiás,Brasil,South America,Goiás,LATAM,2517
Osorno,Chile,South America,Los Lagos,LATAM,2518
Aracati,Brasil,South America,Ceará,LATAM,2519
Purwokerto,Indonesia,Southeast Asia,Java Central,Pacific Asia,2520
Gaoyou,China,Eastern Asia,Jiangsu,Pacific Asia,2521
Xinghua,China,Eastern Asia,Jiangsu,Pacific Asia,2522
Cizre,Turquía,West Asia,Sirnak,Pacific Asia,2523
Dayr az Zawr,Siria,West Asia,Dayr az Zawr,Pacific Asia,2524
Kwangju,Corea del Sur,Eastern Asia,Gyeonggi,Pacific Asia,2525
Ulsan,Corea del Sur,Eastern Asia,Ulsan,Pacific Asia,2526
Colorado Springs,Estados Unidos,West of USA ,Colorado,USCA,2527
Daytona Beach,Estados Unidos,South of  USA ,Florida,USCA,2528
San Gabriel,Estados Unidos,West of USA ,California,USCA,2529
Virginia Beach,Estados Unidos,South of  USA ,Virginia,USCA,2530
Purmerend,Países Bajos,Western Europe,Holanda Septentrional,Europe,2531
La Paz,México,Central America,Baja California Sur,LATAM,2532
Van,Turquía,West Asia,Van,Pacific Asia,2533
St. Catharines,Canada,Canada,Ontario,USCA,2534
Sierra Vista,Estados Unidos,West of USA ,Arizona,USCA,2535
Lansing,Estados Unidos,US Center ,Michigan,USCA,2536
Ashford,Reino Unido,Northern Europe,Inglaterra,Europe,2537
Pucallpa,Perú,South America,Ucayali,LATAM,2538
Trujillo,Perú,South America,La Libertad,LATAM,2539
Tabora,Tanzania,East Africa,Tabora,Africa,2540
Ilo,Perú,South America,Moquegua,LATAM,2541
Greenville,Estados Unidos,South of  USA ,Carolina del Norte,USCA,2542
Valledupar,Colombia,South America,Cesar,LATAM,2543
Vryburg,SudAfrica,Southern Africa,Noroeste,Africa,2544
Tetouan,Marruecos,North Africa,Tánger-Tetuán,Africa,2545
Fianarantsoa,Madagascar,East Africa,Haute-Matsiatra,Africa,2546
Kikwit,República Democrática del Congo,Central Africa,Bandundu,Africa,2547
Kasama,Zambia,East Africa,Septentrional,Africa,2548
Manzini,Suazilandia,Southern Africa,Manzini,Africa,2549
Vitrolles,Francia,Western Europe,Provenza-Alpes-Costa Azul,Europe,2550
Craiova,Rumania,Eastern Europe,Dolj,Europe,2551
Vlaardingen,Países Bajos,Western Europe,Holanda Meridional,Europe,2552
Altotonga,México,Central America,Veracruz,LATAM,2553
Jining,China,Eastern Asia,Shandong,Pacific Asia,2554
Gawler,Australia,Oceania,Australia del Sur,Pacific Asia,2555
Tirunelveli,India,South Asia,Tamil Nadu,Pacific Asia,2556
Palu,Indonesia,Southeast Asia,Célebes Central,Pacific Asia,2557
Fasa,Irán,South Asia,Fars,Pacific Asia,2558
Kozan,Turquía,West Asia,Adana,Pacific Asia,2559
Cessnock,Australia,Oceania,Nueva Gales del Sur,Pacific Asia,2560
Varamin,Irán,South Asia,Teherán,Pacific Asia,2561
Puyang,China,Eastern Asia,Henan,Pacific Asia,2562
Levin,Nueva Zelanda,Oceania,Manawatu-Wanganui,Pacific Asia,2563
Viransehir,Turquía,West Asia,Sanliurfa,Pacific Asia,2564
Ramat Aviv,Israel,West Asia,Tel Aviv,Pacific Asia,2565
An Nasiriyah,Irak,West Asia,Di Car,Pacific Asia,2566
Asansol,India,South Asia,Bengala Occidental,Pacific Asia,2567
Beaumont,Estados Unidos,US Center ,Texas,USCA,2568
Redondo Beach,Estados Unidos,West of USA ,California,USCA,2569
Columbia,Estados Unidos,South of  USA ,Tennessee,USCA,2570
Charlottesville,Estados Unidos,South of  USA ,Virginia,USCA,2571
Richmond Hill,Canada,Canada,Ontario,USCA,2572
Des Moines,Estados Unidos,US Center ,Iowa,USCA,2573
Kent,Estados Unidos,West of USA ,Washington,USCA,2574
Vaughan,Canada,Canada,Ontario,USCA,2575
Peterborough,Canada,Canada,Ontario,USCA,2576
Neunkirchen,Alemania,Western Europe,Sarre,Europe,2577
Clichy,Francia,Western Europe,Isla de Francia,Europe,2578
Cheshunt,Reino Unido,Northern Europe,Inglaterra,Europe,2579
Halluin,Francia,Western Europe,Norte-Paso de Calais-Picardía,Europe,2580
Viterbo,Italia,Southern Europe,Lacio,Europe,2581
Linden,Guyana,South America,Demerara-Berbice Superior,LATAM,2582
Esquina,Argentina,South America,Corrientes,LATAM,2583
Piedecuesta,Colombia,South America,Santander,LATAM,2584
Mezitli,Turquía,West Asia,Mersin,Pacific Asia,2585
Richmond,Canada,Canada,Columbia británica,USCA,2586
Whitby,Canada,Canada,Ontario,USCA,2587
Neuquén,Argentina,South America,Neuquén,LATAM,2588
Hengyang,China,Eastern Asia,Hunan,Pacific Asia,2589
Passaic,Estados Unidos,East of USA,Nueva Jersey,USCA,2590
Udaipur,India,South Asia,Tripura,Pacific Asia,2591
Calabar,Nigeria,West Africa,Cross River,Africa,2592
Gravesend,Reino Unido,Northern Europe,Inglaterra,Europe,2593
Rivne,Ucrania,Eastern Europe,Rivne,Europe,2594
Gummersbach,Alemania,Western Europe,Renania del Norte-Westfalia,Europe,2595
Kostanái,Kazajistán,Central Asia,Kostanái,Pacific Asia,2596
Kota,India,South Asia,Chhattisgarh,Pacific Asia,2597
Orem,Estados Unidos,West of USA ,Utah,USCA,2598
Sobral,Brasil,South America,Ceará,LATAM,2599
Vereeniging,SudAfrica,Southern Africa,Gauteng,Africa,2600
Gebze,Turquía,West Asia,Kocaeli,Pacific Asia,2601
Drammen,Noruega,Northern Europe,Buskerud,Europe,2602
Gosport,Reino Unido,Northern Europe,Inglaterra,Europe,2603
Granollers,España,Southern Europe,Cataluña,Europe,2604
Valence,Francia,Western Europe,Auvernia-Ródano-Alpes,Europe,2605
Bragança Paulista,Brasil,South America,São Paulo,LATAM,2606
Sumaré,Brasil,South America,São Paulo,LATAM,2607
Frontera,México,Central America,Tabasco,LATAM,2608
Tawau,Malasia,Southeast Asia,Sabah,Pacific Asia,2609
Jhansi,India,South Asia,Uttar Pradesh,Pacific Asia,2610
Iranshahr,Irán,South Asia,Sistán y Baluchistán,Pacific Asia,2611
Koshigaya,Japón,Eastern Asia,Saitama,Pacific Asia,2612
Yichun,China,Eastern Asia,Heilongjiang,Pacific Asia,2613
Envigado,Colombia,South America,Antioquía,LATAM,2614
Cergy,Francia,Western Europe,Isla de Francia,Europe,2615
Neubrandenburg,Alemania,Western Europe,Mecklemburgo-Pomerania Occidental,Europe,2616
Allen,Estados Unidos,US Center ,Texas,USCA,2617
Amasya,Turquía,West Asia,Amasya,Pacific Asia,2618
Holon,Israel,West Asia,Tel Aviv,Pacific Asia,2619
Concord,Estados Unidos,East of USA,Nuevo Hampshire,USCA,2620
Nampula,Mozambique,East Africa,Nampula,Africa,2621
Damaturu,Nigeria,West Africa,Yobe,Africa,2622
Saida,Argelia,North Africa,Saida,Africa,2623
East Kilbride,Reino Unido,Northern Europe,Escocia,Europe,2624
Chatou,Francia,Western Europe,Isla de Francia,Europe,2625
Iquitos,Perú,South America,Loreto,LATAM,2626
Temixco,México,Central America,Morelos,LATAM,2627
Cayenne,Guayana Francesa,South America,Französisch-Guayana,LATAM,2628
Rolândia,Brasil,South America,Paraná,LATAM,2629
Criciúma,Brasil,South America,Santa Catarina,LATAM,2630
São Pedro da Aldeia,Brasil,South America,Río de Janeiro,LATAM,2631
Bene Beraq,Israel,West Asia,Tel Aviv,Pacific Asia,2632
Jember,Indonesia,Southeast Asia,Java Oriental,Pacific Asia,2633
Kurashiki,Japón,Eastern Asia,Okayama,Pacific Asia,2634
Yuanjiang,China,Eastern Asia,Hunan,Pacific Asia,2635
Yalova,Turquía,West Asia,Yalova,Pacific Asia,2636
Beykoz,Turquía,West Asia,Estambul,Pacific Asia,2637
Muzaffarpur,India,South Asia,Bihar,Pacific Asia,2638
Weihai,China,Eastern Asia,Shandong,Pacific Asia,2639
Panipat,India,South Asia,Haryana,Pacific Asia,2640
Auburn,Estados Unidos,South of  USA ,Alabama,USCA,2641
Cuyahoga Falls,Estados Unidos,East of USA,Ohio,USCA,2642
Roswell,Estados Unidos,South of  USA ,Georgia,USCA,2643
Orland Park,Estados Unidos,US Center ,Illinois,USCA,2644
Harlingen,Estados Unidos,US Center ,Texas,USCA,2645
Dublín,Estados Unidos,West of USA ,California,USCA,2646
Parma,Estados Unidos,East of USA,Ohio,USCA,2647
Dearborn Heights,Estados Unidos,US Center ,Michigan,USCA,2648
Lehi,Estados Unidos,West of USA ,Utah,USCA,2649
Champaign,Estados Unidos,US Center ,Illinois,USCA,2650
Vorónezh,Rusia,Eastern Europe,Vorónezh,Europe,2651
Bra?ov,Rumania,Eastern Europe,Bra?ov,Europe,2652
Paisley,Reino Unido,Northern Europe,Escocia,Europe,2653
Vacaria,Brasil,South America,Rio Grande do Sul,LATAM,2654
Farroupilha,Brasil,South America,Rio Grande do Sul,LATAM,2655
Datong,China,Eastern Asia,Shanxi,Pacific Asia,2656
Da Nang,Vietnam,Southeast Asia,Dà Nang,Pacific Asia,2657
Shrewsbury,Reino Unido,Northern Europe,Inglaterra,Europe,2658
Batman,Turquía,West Asia,Batman,Pacific Asia,2659
Roodepoort,SudAfrica,Southern Africa,Gauteng,Africa,2660
Tychy,Polonia,Eastern Europe,Silesia,Europe,2661
Avion,Francia,Western Europe,Norte-Paso de Calais-Picardía,Europe,2662
Trappes,Francia,Western Europe,Isla de Francia,Europe,2663
Vitória de Santo Antão,Brasil,South America,Pernambuco,LATAM,2664
Bangui,República Centroafricana,Central Africa,Bangui,Africa,2665
Settat,Marruecos,North Africa,Chauía-Uardiga,Africa,2666
Pernik,Bulgaria,Eastern Europe,Pernik,Europe,2667
Sunbury,Australia,Oceania,Victoria,Pacific Asia,2668
Lawrence,Estados Unidos,US Center ,Indiana,USCA,2669
Talence,Francia,Western Europe,Aquitania-Lemosín-Poitou-Charentes,Europe,2670
Les Lilas,Francia,Western Europe,Isla de Francia,Europe,2671
Willich,Alemania,Western Europe,Renania del Norte-Westfalia,Europe,2672
Potsdam,Alemania,Western Europe,Brandenburgo,Europe,2673
Calabozo,Venezuela,South America,Guárico,LATAM,2674
Villa Alemana,Chile,South America,Valparaíso,LATAM,2675
Gravataí,Brasil,South America,Rio Grande do Sul,LATAM,2676
Itapecerica da Serra,Brasil,South America,São Paulo,LATAM,2677
Copiapó,Chile,South America,Atacama,LATAM,2678
Ibaraki,Japón,Eastern Asia,Osaka,Pacific Asia,2679
Gaya,India,South Asia,Bihar,Pacific Asia,2680
Hoover,Estados Unidos,South of  USA ,Alabama,USCA,2681
Bloomington,Estados Unidos,US Center ,Indiana,USCA,2682
Abbotsford,Canada,Canada,Columbia británica,USCA,2683
Calama,Chile,South America,Antofagasta,LATAM,2684
Francisco Morato,Brasil,South America,São Paulo,LATAM,2685
Sapucaia do Sul,Brasil,South America,Rio Grande do Sul,LATAM,2686
Sinop,Brasil,South America,Mato Grosso,LATAM,2687
Cabo de Santo Agostinho,Brasil,South America,Pernambuco,LATAM,2688
Cholula,México,Central America,Puebla,LATAM,2689
San Fernando del Valle de Catamarca,Argentina,South America,Catamarca,LATAM,2690
Guarapari,Brasil,South America,Espíritu Santo,LATAM,2691
Campo Grande,Brasil,South America,Mato Grosso del Sur,LATAM,2692
Coatzacoalcos,México,Central America,Veracruz,LATAM,2693
Mococa,Brasil,South America,São Paulo,LATAM,2694
Comodoro Rivadavia,Argentina,South America,Chubut,LATAM,2695
Bonao,República Dominicana,Caribbean,Monseñor Nouel,LATAM,2696
Tinaquillo,Venezuela,South America,Cojedes,LATAM,2697
Apucarana,Brasil,South America,Paraná,LATAM,2698
Jinhua,China,Eastern Asia,Zhejiang,Pacific Asia,2699
Sakai,Japón,Eastern Asia,Osaka,Pacific Asia,2700
Shashi,China,Eastern Asia,Hubei,Pacific Asia,2701
Taytay,Filipinas,Southeast Asia,Calabarzón,Pacific Asia,2702
Sakai,Japón,Eastern Asia,Gunma,Pacific Asia,2703
Qazvín,Irán,South Asia,Qazvín,Pacific Asia,2704
Sonipat,India,South Asia,Haryana,Pacific Asia,2705
Palmerston,Australia,Oceania,Territorio del Norte,Pacific Asia,2706
Haikou,China,Eastern Asia,Hainan,Pacific Asia,2707
Avadi,India,South Asia,Tamil Nadu,Pacific Asia,2708
Shouguang,China,Eastern Asia,Shandong,Pacific Asia,2709
Datong,China,Eastern Asia,Anhui,Pacific Asia,2710
Handa,Japón,Eastern Asia,Aichi,Pacific Asia,2711
Suwon,Corea del Sur,Eastern Asia,Gyeonggi,Pacific Asia,2712
Birjand,Irán,South Asia,Jorasán del Sur,Pacific Asia,2713
Zhenjiang,China,Eastern Asia,Jiangsu,Pacific Asia,2714
Quetta,Pakistán,South Asia,Baluchistán,Pacific Asia,2715
Rajshahi,Bangladés,South Asia,Rajshahi,Pacific Asia,2716
Ezhou,China,Eastern Asia,Hubei,Pacific Asia,2717
Takamatsu,Japón,Eastern Asia,Kagawa,Pacific Asia,2718
Upper Hutt,Nueva Zelanda,Oceania,Wellington,Pacific Asia,2719
Chaohu,China,Eastern Asia,Anhui,Pacific Asia,2720
Gaziemir,Turquía,West Asia,Izmir,Pacific Asia,2721
Baranagar,India,South Asia,Bengala Occidental,Pacific Asia,2722
Srinagar,India,South Asia,Uttarakhand,Pacific Asia,2723
Zhaoyuan,China,Eastern Asia,Heilongjiang,Pacific Asia,2724
Chaoyang,China,Eastern Asia,Jilin,Pacific Asia,2725
Escondido,Estados Unidos,West of USA ,California,USCA,2726
Tamarac,Estados Unidos,South of  USA ,Florida,USCA,2727
The Colony,Estados Unidos,US Center ,Texas,USCA,2728
Franklin,Estados Unidos,US Center ,Wisconsin,USCA,2729
Skokie,Estados Unidos,US Center ,Illinois,USCA,2730
Columbia,Estados Unidos,US Center ,Misuri,USCA,2731
Westminster,Estados Unidos,West of USA ,California,USCA,2732
Laval,Canada,Canada,Quebec,USCA,2733
Norfolk,Estados Unidos,US Center ,Nebraska,USCA,2734
Apple Valley,Estados Unidos,US Center ,Minnesota,USCA,2735
League City,Estados Unidos,US Center ,Texas,USCA,2736
Meriden,Estados Unidos,East of USA,Connecticut,USCA,2737
San Marcos,Estados Unidos,US Center ,Texas,USCA,2738
College Station,Estados Unidos,US Center ,Texas,USCA,2739
Redding,Estados Unidos,West of USA ,California,USCA,2740
Montebello,Estados Unidos,West of USA ,California,USCA,2741
Burlington,Estados Unidos,East of USA,Vermont,USCA,2742
Saint Cloud,Estados Unidos,US Center ,Minnesota,USCA,2743
Kadoma,Zimbabue,East Africa,Mashonalandia Occidental,Africa,2744
Durban,SudAfrica,Southern Africa,KwaZulu-Natal,Africa,2745
Pitesti,Rumania,Eastern Europe,Arges,Europe,2746
Dieppe,Francia,Western Europe,Normandía,Europe,2747
Bourg-en-Bresse,Francia,Western Europe,Auvernia-Ródano-Alpes,Europe,2748
Taubaté,Brasil,South America,São Paulo,LATAM,2749
São Vicente,Brasil,South America,São Paulo,LATAM,2750
Cubatão,Brasil,South America,São Paulo,LATAM,2751
Artemisa,Cuba,Caribbean,Artemisa,LATAM,2752
Jamshedpur,India,South Asia,Jharkhand,Pacific Asia,2753
Polatli,Turquía,West Asia,Ankara,Pacific Asia,2754
Sakai,Japón,Eastern Asia,Ibaraki,Pacific Asia,2755
Alanya,Turquía,West Asia,Antalya,Pacific Asia,2756
Wuxi,China,Eastern Asia,Jiangsu,Pacific Asia,2757
Taipei,Taiwán,Eastern Asia,Taipéi,Pacific Asia,2758
Guelph,Canada,Canada,Ontario,USCA,2759
Encinitas,Estados Unidos,West of USA ,California,USCA,2760
Saint Charles,Estados Unidos,US Center ,Misuri,USCA,2761
Eagan,Estados Unidos,US Center ,Minnesota,USCA,2762
Zlatoust,Rusia,Eastern Europe,Cheliábinsk,Europe,2763
Jersón,Ucrania,Eastern Europe,Jersón,Europe,2764
Zabrze,Polonia,Eastern Europe,Silesia,Europe,2765
Chaville,Francia,Western Europe,Isla de Francia,Europe,2766
Pontevedra,España,Southern Europe,Galicia,Europe,2767
Pilsen,República Checa,Eastern Europe,Pilsen,Europe,2768
Cinisello Balsamo,Italia,Southern Europe,Lombardía,Europe,2769
Haninge,Suecia,Northern Europe,Estocolmo,Europe,2770
Mijas,España,Southern Europe,Andalucía,Europe,2771
Coulommiers,Francia,Western Europe,Isla de Francia,Europe,2772
Dronfield,Reino Unido,Northern Europe,Inglaterra,Europe,2773
Saint-Brieuc,Francia,Western Europe,Bretaña,Europe,2774
Outreau,Francia,Western Europe,Norte-Paso de Calais-Picardía,Europe,2775
Tallinn,Estonia,Northern Europe,Harjumaa,Europe,2776
Dewsbury,Reino Unido,Northern Europe,Inglaterra,Europe,2777
Tournefeuille,Francia,Western Europe,Languedoc-Rosellón-Mediodía-Pirineos,Europe,2778
Uberaba,Brasil,South America,Minas Gerais,LATAM,2779
Oriximiná,Brasil,South America,Pará,LATAM,2780
Bagé,Brasil,South America,Rio Grande do Sul,LATAM,2781
Huaraz,Perú,South America,Ancash,LATAM,2782
Sagamihara,Japón,Eastern Asia,Kanagawa,Pacific Asia,2783
Jiangdu,China,Eastern Asia,Jiangsu,Pacific Asia,2784
Xinshi,China,Eastern Asia,Hubei,Pacific Asia,2785
Brahmapur,India,South Asia,Odisha,Pacific Asia,2786
Toyohashi,Japón,Eastern Asia,Aichi,Pacific Asia,2787
Laguna Niguel,Estados Unidos,West of USA ,California,USCA,2788
Grove City,Estados Unidos,East of USA,Ohio,USCA,2789
Edmonton,Canada,Canada,Alberta,USCA,2790
Rockville,Estados Unidos,East of USA,Maryland,USCA,2791
Helena,Estados Unidos,West of USA ,Montana,USCA,2792
Sparks,Estados Unidos,West of USA ,Nevada,USCA,2793
Arzgir,Rusia,Eastern Europe,Stávropol,Europe,2794
Garanhuns,Brasil,South America,Pernambuco,LATAM,2795
Salta,Argentina,South America,Salta,LATAM,2796
Bijie,China,Eastern Asia,Guizhou,Pacific Asia,2797
Hampton,Estados Unidos,South of  USA ,Virginia,USCA,2798
Great Falls,Estados Unidos,West of USA ,Montana,USCA,2799
Rustenburg,SudAfrica,Southern Africa,Noroeste,Africa,2800
Shkoder,Albania,Southern Europe,Shkodër,Europe,2801
Liaoyang,China,Eastern Asia,Liaoning,Pacific Asia,2802
Thanjavur,India,South Asia,Tamil Nadu,Pacific Asia,2803
Mtwara,Tanzania,East Africa,Mtwara,Africa,2804
Cúa,Venezuela,South America,Miranda,LATAM,2805
Hachinohe,Japón,Eastern Asia,Aomori,Pacific Asia,2806
Botosani,Rumania,Eastern Europe,Botosani,Europe,2807
Aswan,Egipto,North Africa,Aswan,Africa,2808
Mohammedia,Marruecos,North Africa,Gran Casablanca,Africa,2809
Antsiranana,Madagascar,East Africa,Diana,Africa,2810
Bonneuil-sur-Marne,Francia,Western Europe,Isla de Francia,Europe,2811
Breda,Países Bajos,Western Europe,Brabante Septentrional,Europe,2812
Lanester,Francia,Western Europe,Bretaña,Europe,2813
Clydach,Reino Unido,Northern Europe,Gales,Europe,2814
Pestovo,Rusia,Eastern Europe,Nóvgorod,Europe,2815
Pulheim,Alemania,Western Europe,Renania del Norte-Westfalia,Europe,2816
Sabadell,España,Southern Europe,Cataluña,Europe,2817
Forst,Alemania,Western Europe,Brandenburgo,Europe,2818
Lucerna,Suiza,Western Europe,Lucerna,Europe,2819
Ústí nad Labem,República Checa,Eastern Europe,Ústí nad Labem,Europe,2820
Catia La Mar,Venezuela,South America,Vargas,LATAM,2821
Presidente Prudente,Brasil,South America,São Paulo,LATAM,2822
San Juan del Río,México,Central America,Querétaro,LATAM,2823
Xining,China,Eastern Asia,Qinghai,Pacific Asia,2824
Bilaspur,India,South Asia,Uttar Pradesh,Pacific Asia,2825
Aoba-ku,Japón,Eastern Asia,Kanagawa,Pacific Asia,2826
Xiangtan,China,Eastern Asia,Hunan,Pacific Asia,2827
Beirut,Líbano,West Asia,Beirut,Pacific Asia,2828
Tanggu,China,Eastern Asia,Tianjin,Pacific Asia,2829
Takamatsu,Japón,Eastern Asia,Ishikawa,Pacific Asia,2830
Chenzhou,China,Eastern Asia,Hunan,Pacific Asia,2831
Irbid,Jordania,West Asia,Irbid,Pacific Asia,2832
Brownsville,Estados Unidos,US Center ,Texas,USCA,2833
Shelton,Estados Unidos,East of USA,Connecticut,USCA,2834
Bethlehem,Estados Unidos,East of USA,Pensilvania,USCA,2835
Freeport,Estados Unidos,East of USA,Nueva York,USCA,2836
Mansfield,Estados Unidos,US Center ,Texas,USCA,2837
Midland,Estados Unidos,US Center ,Michigan,USCA,2838
Huntington Beach,Estados Unidos,West of USA ,California,USCA,2839
Bukavu,República Democrática del Congo,Central Africa,Kivu del Sur,Africa,2840
Rueil-Malmaison,Francia,Western Europe,Isla de Francia,Europe,2841
Lianzhou,China,Eastern Asia,Guangxi,Pacific Asia,2842
Nicosia,Chipre,Southern Europe,Nicosia,Europe,2843
Bron,Francia,Western Europe,Auvernia-Ródano-Alpes,Europe,2844
Teziutlán,México,Central America,Puebla,LATAM,2845
Verviers,Bélgica,Western Europe,Lieja,Europe,2846
Brentwood,Estados Unidos,West of USA ,California,USCA,2847
Echuca,Australia,Oceania,Victoria,Pacific Asia,2848
Atlantic City,Estados Unidos,East of USA,Nueva Jersey,USCA,2849
Kaiserslautern,Alemania,Western Europe,Renania-Palatinado,Europe,2850
Patrocínio,Brasil,South America,Minas Gerais,LATAM,2851
Ratlam,India,South Asia,Madhya Pradesh,Pacific Asia,2852
Varese,Italia,Southern Europe,Lombardía,Europe,2853
Plaisir,Francia,Western Europe,Isla de Francia,Europe,2854
Huambo,Angola,Central Africa,Huambo,Africa,2855
Macheng,China,Eastern Asia,Hubei,Pacific Asia,2856
Medford,Estados Unidos,West of USA ,Oregón,USCA,2857
Al Mahallah al Kubra,Egipto,North Africa,Gharbia,Africa,2858
Matadi,República Democrática del Congo,Central Africa,Bajo Congo,Africa,2859
Makurdi,Nigeria,West Africa,Benue,Africa,2860
Savona,Italia,Southern Europe,Liguria,Europe,2861
Bielsko-Biala,Polonia,Eastern Europe,Silesia,Europe,2862
Bagnolet,Francia,Western Europe,Isla de Francia,Europe,2863
Lugoj,Rumania,Eastern Europe,Timis,Europe,2864
Crotone,Italia,Southern Europe,Calabria,Europe,2865
Northwich,Reino Unido,Northern Europe,Inglaterra,Europe,2866
Quibdó,Colombia,South America,Chocó,LATAM,2867
Uberlândia,Brasil,South America,Minas Gerais,LATAM,2868
Dehra Dun,India,South Asia,Uttarakhand,Pacific Asia,2869
Najafabad,Irán,South Asia,Isfahán,Pacific Asia,2870
Hamamatsu,Japón,Eastern Asia,Shizuoka,Pacific Asia,2871
Cranston,Estados Unidos,East of USA,Rhode Island,USCA,2872
Burlington,Estados Unidos,US Center ,Iowa,USCA,2873
Niagara Falls,Estados Unidos,East of USA,Nueva York,USCA,2874
Norwich,Estados Unidos,East of USA,Connecticut,USCA,2875
Vence,Francia,Western Europe,Provenza-Alpes-Costa Azul,Europe,2876
Fontenay-sous-Bois,Francia,Western Europe,Isla de Francia,Europe,2877
Agde,Francia,Western Europe,Languedoc-Rosellón-Mediodía-Pirineos,Europe,2878
Hiratsuka,Japón,Eastern Asia,Kanagawa,Pacific Asia,2879
Rapid City,Estados Unidos,US Center ,Dakota del Sur,USCA,2880
Bagamoyo,Tanzania,East Africa,Pwani,Africa,2881
Brighton,Reino Unido,Northern Europe,Inglaterra,Europe,2882
Paulista,Brasil,South America,Pernambuco,LATAM,2883
Piatra-Neamt,Rumania,Eastern Europe,Neamt,Europe,2884
Niterói,Brasil,South America,Río de Janeiro,LATAM,2885
Ipswich,Reino Unido,Northern Europe,Inglaterra,Europe,2886
Perth Amboy,Estados Unidos,East of USA,Nueva Jersey,USCA,2887
Manisa,Turquía,West Asia,Manisa,Pacific Asia,2888
Thomasville,Estados Unidos,South of  USA ,Carolina del Norte,USCA,2889
Pocatello,Estados Unidos,West of USA ,Idaho,USCA,2890
Pueblo,Estados Unidos,West of USA ,Colorado,USCA,2891
Kindu,República Democrática del Congo,Central Africa,Maniema,Africa,2892
Matola,Mozambique,East Africa,Maputo,Africa,2893
Loum,Camerún,Central Africa,Littoral,Africa,2894
Gela,Italia,Southern Europe,Sicilia,Europe,2895
Kaspiysk,Rusia,Eastern Europe,Daguestán,Europe,2896
Bergisch Gladbach,Alemania,Western Europe,Renania del Norte-Westfalia,Europe,2897
Saint-Priest,Francia,Western Europe,Auvernia-Ródano-Alpes,Europe,2898
La Madeleine,Francia,Western Europe,Norte-Paso de Calais-Picardía,Europe,2899
Livingston,Reino Unido,Northern Europe,Escocia,Europe,2900
Saint-Avold,Francia,Western Europe,Alsacia-Champaña-Ardenas-Lorena,Europe,2901
Lormont,Francia,Western Europe,Aquitania-Lemosín-Poitou-Charentes,Europe,2902
Siedlce,Polonia,Eastern Europe,Mazovia,Europe,2903
La Chorrera,Panamá,Central America,Panamá,LATAM,2904
Río Bravo,México,Central America,Tamaulipas,LATAM,2905
Yuyao,China,Eastern Asia,Zhejiang,Pacific Asia,2906
Margate,Reino Unido,Northern Europe,Inglaterra,Europe,2907
Annonay,Francia,Western Europe,Auvernia-Ródano-Alpes,Europe,2908
Siena,Italia,Southern Europe,Toscana,Europe,2909
Carvin,Francia,Western Europe,Norte-Paso de Calais-Picardía,Europe,2910
San Luis,Argentina,South America,San Luis,LATAM,2911
Linhai,China,Eastern Asia,Zhejiang,Pacific Asia,2912
Samsun,Turquía,West Asia,Samsun,Pacific Asia,2913
Deyang,China,Eastern Asia,Sichuan,Pacific Asia,2914
Shaoxing,China,Eastern Asia,Zhejiang,Pacific Asia,2915
Linyi,China,Eastern Asia,Shandong,Pacific Asia,2916
Hailin,China,Eastern Asia,Heilongjiang,Pacific Asia,2917
Maple Grove,Estados Unidos,US Center ,Minnesota,USCA,2918
Logan,Estados Unidos,West of USA ,Utah,USCA,2919
Madison,Estados Unidos,US Center ,Wisconsin,USCA,2920
Ain Oussera,Argelia,North Africa,Djelfa,Africa,2921
Vitória da Conquista,Brasil,South America,Bahía,LATAM,2922
Tembisa,SudAfrica,Southern Africa,Gauteng,Africa,2923
Umtata,SudAfrica,Southern Africa,Cabo Oriental,Africa,2924
Barletta,Italia,Southern Europe,Apulia,Europe,2925
Hod HaSharon,Israel,West Asia,Central,Pacific Asia,2926
Cavaillon,Francia,Western Europe,Provenza-Alpes-Costa Azul,Europe,2927
Vaulx-en-Velin,Francia,Western Europe,Auvernia-Ródano-Alpes,Europe,2928
Montbrison,Francia,Western Europe,Auvernia-Ródano-Alpes,Europe,2929
Clifton,Estados Unidos,East of USA,Nueva Jersey,USCA,2930
Tete,Mozambique,East Africa,Tete,Africa,2931
Sindelfingen,Alemania,Western Europe,Baden-Wurtemberg,Europe,2932
Wafangdian,China,Eastern Asia,Liaoning,Pacific Asia,2933
Kasala,Sudán,North Africa,Kasala,Africa,2934
Eggenstein-Leopoldshafen,Alemania,Western Europe,Baden-Wurtemberg,Europe,2935
Cártama,España,Southern Europe,Andalucía,Europe,2936
La Roche-sur-Yon,Francia,Western Europe,Países del Loira,Europe,2937
Kassel,Alemania,Western Europe,Hesse,Europe,2938
Kristiansand,Noruega,Northern Europe,Vest-Agder,Europe,2939
Iserlohn,Alemania,Western Europe,Renania del Norte-Westfalia,Europe,2940
Blagoveshchensk,Rusia,Eastern Europe,Bashkortostán,Europe,2941
Thiais,Francia,Western Europe,Isla de Francia,Europe,2942
Marano di Napoli,Italia,Southern Europe,Campania,Europe,2943
Luohe,China,Eastern Asia,Henan,Pacific Asia,2944
Jiamusi,China,Eastern Asia,Heilongjiang,Pacific Asia,2945
Shushtar,Irán,South Asia,Juzestán,Pacific Asia,2946
Hebi,China,Eastern Asia,Henan,Pacific Asia,2947
Kupang,Indonesia,Southeast Asia,Nusa Tenggara Oriental,Pacific Asia,2948
Shizuishan,China,Eastern Asia,Ningxia Hui,Pacific Asia,2949
Reno,Estados Unidos,West of USA ,Nevada,USCA,2950
Belleville,Estados Unidos,East of USA,Nueva Jersey,USCA,2951
Bayonne,Estados Unidos,East of USA,Nueva Jersey,USCA,2952
Burbank,Estados Unidos,West of USA ,California,USCA,2953
Tlemcen,Argelia,North Africa,Tlemcen,Africa,2954
Olomouc,República Checa,Eastern Europe,Olomouc,Europe,2955
Moulins,Francia,Western Europe,Auvernia,Europe,2956
Barreiras,Brasil,South America,Bahía,LATAM,2957
Camocim,Brasil,South America,Ceará,LATAM,2958
Nevsehir,Turquía,West Asia,Nevsehir,Pacific Asia,2959
Aksu,China,Eastern Asia,Xinjiang Uygur,Pacific Asia,2960
Passos,Brasil,South America,Minas Gerais,LATAM,2961
Campina Grande,Brasil,South America,Paraíba,LATAM,2962
Floridablanca,Colombia,South America,Santander,LATAM,2963
Punta Arenas,Chile,South America,Magallanes y Antártica Chilena,LATAM,2964
Lins,Brasil,South America,São Paulo,LATAM,2965
Kawasaki,Japón,Eastern Asia,Fukuoka,Pacific Asia,2966
Wuxi,China,Eastern Asia,Hunan,Pacific Asia,2967
Nagaoka,Japón,Eastern Asia,Shizuoka,Pacific Asia,2968
Jodhpur,India,South Asia,Guyarat,Pacific Asia,2969
Yibin,China,Eastern Asia,Sichuan,Pacific Asia,2970
Sialkot,Pakistán,South Asia,Punyab,Pacific Asia,2971
Yushu,China,Eastern Asia,Jilin,Pacific Asia,2972
Richardson,Estados Unidos,US Center ,Texas,USCA,2973
Danville,Estados Unidos,West of USA ,California,USCA,2974
Zhangjiakou,China,Eastern Asia,Hebei,Pacific Asia,2975
Warner Robins,Estados Unidos,South of  USA ,Georgia,USCA,2976
Tekirdag,Turquía,West Asia,Tekirdag,Pacific Asia,2977
Villeparisis,Francia,Western Europe,Isla de Francia,Europe,2978
Kamarhati,India,South Asia,Bengala Occidental,Pacific Asia,2979
Orsay,Francia,Western Europe,Isla de Francia,Europe,2980
Acayucan,México,Central America,Veracruz,LATAM,2981
Guarujá,Brasil,South America,São Paulo,LATAM,2982
Catanduva,Brasil,South America,São Paulo,LATAM,2983
Sogamoso,Colombia,South America,Boyacá,LATAM,2984
Zhytómyr,Ucrania,Eastern Europe,Zhytómyr,Europe,2985
Orsha,Bielorrusia,Eastern Europe,Vitsyebsk,Europe,2986
Zenica,Bosnia y Herzegovina,Southern Europe,Federación de Bosnia y Herzegovina,Europe,2987
Springdale,Estados Unidos,South of  USA ,Arkansas,USCA,2988
Sanford,Estados Unidos,South of  USA ,Florida,USCA,2989
Hillsboro,Estados Unidos,West of USA ,Oregón,USCA,2990
Anyang,Corea del Sur,Eastern Asia,Gyeonggi,Pacific Asia,2991
Oyama,Japón,Eastern Asia,Tochigi,Pacific Asia,2992
Darlington,Reino Unido,Northern Europe,Inglaterra,Europe,2993
Tapachula,México,Central America,Chiapas,LATAM,2994
Londrina,Brasil,South America,Paraná,LATAM,2995
Disuq,Egipto,North Africa,Kafr el Sheij,Africa,2996
Oakville,Canada,Canada,Ontario,USCA,2997
Manteca,Estados Unidos,West of USA ,California,USCA,2998
Stolberg,Alemania,Western Europe,Renania del Norte-Westfalia,Europe,2999
Les Herbiers,Francia,Western Europe,Países del Loira,Europe,3000
Modena,Italia,Southern Europe,Emilia-Romaña,Europe,3001
Duitama,Colombia,South America,Boyacá,LATAM,3002
Tremblay-en-France,Francia,Western Europe,Isla de Francia,Europe,3003
Southampton,Reino Unido,Northern Europe,Inglaterra,Europe,3004
Günzburg,Alemania,Western Europe,Bavaria,Europe,3005
Porlamar,Venezuela,South America,Nueva Esparta,LATAM,3006
San Luis Obispo,Estados Unidos,West of USA ,California,USCA,3007
Burnie,Australia,Oceania,Tasmania,Pacific Asia,3008
Ninghai,China,Eastern Asia,Zhejiang,Pacific Asia,3009
Zhoukou,China,Eastern Asia,Henan,Pacific Asia,3010
Hamme,Bélgica,Western Europe,Flanders Oriental,Europe,3011
Manfredonia,Italia,Southern Europe,Apulia,Europe,3012
Ancona,Italia,Southern Europe,Marche,Europe,3013
Iskenderun,Turquía,West Asia,Hatay,Pacific Asia,3014
Al Hudayda,Yemen,West Asia,Al Hudayda,Pacific Asia,3015
Guelma,Argelia,North Africa,Guelma,Africa,3016
Bugía,Argelia,North Africa,Bugía,Africa,3017
Trebisonda,Turquía,West Asia,Trebisonda,Pacific Asia,3018
Bisáu,Guinea-Bissau,West Africa,Bisáu,Africa,3019
Ras al Khaymah,Emiratos Árabes Unidos,West Asia,Ras al-Jaima,Pacific Asia,3020
Shagamu,Nigeria,West Africa,Ogun,Africa,3021
Lodi,Estados Unidos,West of USA ,California,USCA,3022
Longmont,Estados Unidos,West of USA ,Colorado,USCA,3023
Thornton,Estados Unidos,West of USA ,Colorado,USCA,3024
Santa Maria,Estados Unidos,West of USA ,California,USCA,3025
Indaiatuba,Brasil,South America,São Paulo,LATAM,3026
Prato,Italia,Southern Europe,Toscana,Europe,3027
Kirovohrad,Ucrania,Eastern Europe,Kirovohrad,Europe,3028
Mallawi,Egipto,North Africa,Menia,Africa,3029
Taraz,Kazajistán,Central Asia,Zhambyl,Pacific Asia,3030
Kocaeli,Turquía,West Asia,Kocaeli,Pacific Asia,3031
Gresham,Estados Unidos,West of USA ,Oregón,USCA,3032
Karimnagar,India,South Asia,Telangana,Pacific Asia,3033
Shangyu,China,Eastern Asia,Zhejiang,Pacific Asia,3034
Sargodha,Pakistán,South Asia,Punyab,Pacific Asia,3035
Wuhai,China,Eastern Asia,Mongolia Interior,Pacific Asia,3036
Montceau-les-Mines,Francia,Western Europe,Borgoña-Franco Condado,Europe,3037
Molfetta,Italia,Southern Europe,Apulia,Europe,3038
Thionville,Francia,Western Europe,Alsacia-Champaña-Ardenas-Lorena,Europe,3039
Saint-Chamond,Francia,Western Europe,Auvernia-Ródano-Alpes,Europe,3040
Vesoul,Francia,Western Europe,Borgoña-Franco Condado,Europe,3041
Helmond,Países Bajos,Western Europe,Brabante Septentrional,Europe,3042
Chorzow,Polonia,Eastern Europe,Silesia,Europe,3043
Split,Croacia,Southern Europe,Split-Dalmacia,Europe,3044
Berck,Francia,Western Europe,Norte-Paso de Calais-Picardía,Europe,3045
Le Pré-Saint-Gervais,Francia,Western Europe,Isla de Francia,Europe,3046
Tournai,Bélgica,Western Europe,Henao,Europe,3047
Vallauris,Francia,Western Europe,Provenza-Alpes-Costa Azul,Europe,3048
Castelnau-le-Lez,Francia,Western Europe,Languedoc-Rosellón-Mediodía-Pirineos,Europe,3049
Santiago del Estero,Argentina,South America,Santiago del Estero,LATAM,3050
Quilmes,Argentina,South America,Buenos Aires (provincia),LATAM,3051
Heze,China,Eastern Asia,Shandong,Pacific Asia,3052
Renqiu,China,Eastern Asia,Hebei,Pacific Asia,3053
Matsumoto,Japón,Eastern Asia,Nagano,Pacific Asia,3054
Kars,Turquía,West Asia,Kars,Pacific Asia,3055
Satna,India,South Asia,Madhya Pradesh,Pacific Asia,3056
Aksaray,Turquía,West Asia,Aksaray,Pacific Asia,3057
Noda,Japón,Eastern Asia,Chiba,Pacific Asia,3058
Paraparaumu,Nueva Zelanda,Oceania,Wellington,Pacific Asia,3059
Pompano Beach,Estados Unidos,South of  USA ,Florida,USCA,3060
Owensboro,Estados Unidos,South of  USA ,Kentucky,USCA,3061
Urbandale,Estados Unidos,US Center ,Iowa,USCA,3062
Altoona,Estados Unidos,East of USA,Pensilvania,USCA,3063
Highland Park,Estados Unidos,US Center ,Illinois,USCA,3064
Tanga,Tanzania,East Africa,Tanga,Africa,3065
Zilina,Eslovaquia,Eastern Europe,ilina,Europe,3066
Bisceglie,Italia,Southern Europe,Apulia,Europe,3067
San Angelo,Estados Unidos,US Center ,Texas,USCA,3068
Bouake,Costa de Marfil,West Africa,Vallée du Bandama,Africa,3069
Choisy-le-Roi,Francia,Western Europe,Isla de Francia,Europe,3070
Xiangfan,China,Eastern Asia,Hubei,Pacific Asia,3071
Kenner,Estados Unidos,South of  USA ,Luisiana,USCA,3072
Mentor,Estados Unidos,East of USA,Ohio,USCA,3073
Chengjiang,China,Eastern Asia,Jiangsu,Pacific Asia,3074
Silivri,Turquía,West Asia,Estambul,Pacific Asia,3075
Ouidah,Benín,West Africa,Departamento Atlántico,Africa,3076
Idfu,Egipto,North Africa,Aswan,Africa,3077
Barika,Argelia,North Africa,Batna,Africa,3078
Annecy-le-Vieux,Francia,Western Europe,Auvernia-Ródano-Alpes,Europe,3079
Villiers-le-Bel,Francia,Western Europe,Isla de Francia,Europe,3080
Rochefort,Francia,Western Europe,Aquitania-Lemosín-Poitou-Charentes,Europe,3081
Bratsk,Rusia,Eastern Europe,Irkutsk,Europe,3082
High Wycombe,Reino Unido,Northern Europe,Inglaterra,Europe,3083
Huddinge,Suecia,Northern Europe,Estocolmo,Europe,3084
Halesowen,Reino Unido,Northern Europe,Inglaterra,Europe,3085
Galway,Irlanda,Northern Europe,Galway,Europe,3086
Weimar,Alemania,Western Europe,Turingia,Europe,3087
Saint-Pol-sur-Mer,Francia,Western Europe,Norte-Paso de Calais-Picardía,Europe,3088
Salavat,Rusia,Eastern Europe,Bashkortostán,Europe,3089
Haguenau,Francia,Western Europe,Alsacia-Champaña-Ardenas-Lorena,Europe,3090
Lorient,Francia,Western Europe,Bretaña,Europe,3091
Orihuela,España,Southern Europe,Valenciana,Europe,3092
Blanquefort,Francia,Western Europe,Aquitania-Lemosín-Poitou-Charentes,Europe,3093
Rheine,Alemania,Western Europe,Renania del Norte-Westfalia,Europe,3094
Sheboygan,Estados Unidos,US Center ,Wisconsin,USCA,3095
Chimoio,Mozambique,East Africa,Manica,Africa,3096
Maastricht,Países Bajos,Western Europe,Limburgo,Europe,3097
Southport,Reino Unido,Northern Europe,Inglaterra,Europe,3098
Gandia,España,Southern Europe,Valenciana,Europe,3099
Baden-Baden,Alemania,Western Europe,Baden-Wurtemberg,Europe,3100
Montfermeil,Francia,Western Europe,Isla de Francia,Europe,3101
Saint-Gratien,Francia,Western Europe,Isla de Francia,Europe,3102
Benidorm,España,Southern Europe,Valenciana,Europe,3103
Massa,Italia,Southern Europe,Toscana,Europe,3104
Aix-les-Bains,Francia,Western Europe,Auvernia-Ródano-Alpes,Europe,3105
Palo Negro,Venezuela,South America,Aragua,LATAM,3106
Jurema,Brasil,South America,Pernambuco,LATAM,3107
Nizamabad,India,South Asia,Telangana,Pacific Asia,3108
Ambon,Indonesia,Southeast Asia,Maluku,Pacific Asia,3109
Malatya,Turquía,West Asia,Malatya,Pacific Asia,3110
Mount Pleasant,Estados Unidos,South of  USA ,Carolina del Sur,USCA,3111
Yuma,Estados Unidos,West of USA ,Arizona,USCA,3112
Westland,Estados Unidos,US Center ,Michigan,USCA,3113
West Allis,Estados Unidos,US Center ,Wisconsin,USCA,3114
Cary,Estados Unidos,South of  USA ,Carolina del Norte,USCA,3115
Gap,Francia,Western Europe,Provenza-Alpes-Costa Azul,Europe,3116
Fuzhou,China,Eastern Asia,Fujian,Pacific Asia,3117
Xiantao,China,Eastern Asia,Hubei,Pacific Asia,3118
Ziguinchor,Senegal,West Africa,Ziguinchor,Africa,3119
Den Helder,Países Bajos,Western Europe,Holanda Septentrional,Europe,3120
Enschede,Países Bajos,Western Europe,Overijssel,Europe,3121
Sioux Falls,Estados Unidos,US Center ,Dakota del Sur,USCA,3122
Wheeling,Estados Unidos,US Center ,Illinois,USCA,3123
Manacapuru,Brasil,South America,Amazonas,LATAM,3124
Líbano,Estados Unidos,South of  USA ,Tennessee,USCA,3125
Summerville,Estados Unidos,South of  USA ,Carolina del Sur,USCA,3126
Nakuru,Kenia,East Africa,Gran Valle del Rift,Africa,3127
Epworth,Zimbabue,East Africa,Harare,Africa,3128
Nguigmi,Níger,West Africa,Diffa,Africa,3129
Parakou,Benín,West Africa,Borgou,Africa,3130
Woking,Reino Unido,Northern Europe,Inglaterra,Europe,3131
Barneveld,Países Bajos,Western Europe,Güeldres,Europe,3132
Hilden,Alemania,Western Europe,Renania del Norte-Westfalia,Europe,3133
Stockport,Reino Unido,Northern Europe,Inglaterra,Europe,3134
Greifswald,Alemania,Western Europe,Mecklemburgo-Pomerania Occidental,Europe,3135
Neu-Ulm,Alemania,Western Europe,Bavaria,Europe,3136
Waiblingen,Alemania,Western Europe,Baden-Wurtemberg,Europe,3137
Blois,Francia,Western Europe,Centro-Valle de Loira,Europe,3138
Gagny,Francia,Western Europe,Isla de Francia,Europe,3139
Melun,Francia,Western Europe,Isla de Francia,Europe,3140
Goussainville,Francia,Western Europe,Isla de Francia,Europe,3141
Faenza,Italia,Southern Europe,Emilia-Romaña,Europe,3142
Maubeuge,Francia,Western Europe,Norte-Paso de Calais-Picardía,Europe,3143
Cumbernauld,Reino Unido,Northern Europe,Escocia,Europe,3144
Amstelveen,Países Bajos,Western Europe,Holanda Septentrional,Europe,3145
Sallanches,Francia,Western Europe,Auvernia-Ródano-Alpes,Europe,3146
Divinópolis,Brasil,South America,Minas Gerais,LATAM,3147
Gulbarga,India,South Asia,Karnataka,Pacific Asia,3148
Penglai,China,Eastern Asia,Shandong,Pacific Asia,3149
Xingtai,China,Eastern Asia,Hebei,Pacific Asia,3150
Kaiyuan,China,Eastern Asia,Yunnan,Pacific Asia,3151
Randfontein,SudAfrica,Southern Africa,Gauteng,Africa,3152
Segovia,España,Southern Europe,Castilla y León,Europe,3153
Chioggia,Italia,Southern Europe,Véneto,Europe,3154
Gliwice,Polonia,Eastern Europe,Silesia,Europe,3155
Lons-le-Saunier,Francia,Western Europe,Borgoña-Franco Condado,Europe,3156
San Antonio,Chile,South America,Valparaíso,LATAM,3157
Catalão,Brasil,South America,Goiás,LATAM,3158
Langfang,China,Eastern Asia,Hebei,Pacific Asia,3159
Ramat Gan,Israel,West Asia,Tel Aviv,Pacific Asia,3160
Adiyaman,Turquía,West Asia,Adiyaman,Pacific Asia,3161
Timaru,Nueva Zelanda,Oceania,Canterbury,Pacific Asia,3162
Huzhou,China,Eastern Asia,Zhejiang,Pacific Asia,3163
Bandar-e Anzali,Irán,South Asia,Guilán,Pacific Asia,3164
Boise,Estados Unidos,West of USA ,Idaho,USCA,3165
Lancaster,Estados Unidos,West of USA ,California,USCA,3166
Salinas,Estados Unidos,West of USA ,California,USCA,3167
Warwick,Estados Unidos,East of USA,Rhode Island,USCA,3168
Santa Helena,Brasil,South America,Marañón,LATAM,3169
Concarneau,Francia,Western Europe,Bretaña,Europe,3170
Goulburn,Australia,Oceania,Nueva Gales del Sur,Pacific Asia,3171
Abilene,Estados Unidos,US Center ,Texas,USCA,3172
Bowling Green,Estados Unidos,East of USA,Ohio,USCA,3173
Chapel Allerton,Reino Unido,Northern Europe,Inglaterra,Europe,3174
Jinja,Uganda,East Africa,Jinja,Africa,3175
Baraki,Argelia,North Africa,Tipaza,Africa,3176
Centurion,SudAfrica,Southern Africa,Gauteng,Africa,3177
Uvinza,Tanzania,East Africa,Kigoma,Africa,3178
Morogoro,Tanzania,East Africa,Morogoro,Africa,3179
Toamasina,Madagascar,East Africa,Atsinanana,Africa,3180
Asiut,Egipto,North Africa,Asiut,Africa,3181
Voiron,Francia,Western Europe,Auvernia-Ródano-Alpes,Europe,3182
Stralsund,Alemania,Western Europe,Mecklemburgo-Pomerania Occidental,Europe,3183
La Crau,Francia,Western Europe,Provenza-Alpes-Costa Azul,Europe,3184
Bury,Reino Unido,Northern Europe,Inglaterra,Europe,3185
Kalundborg,Dinamarca,Northern Europe,Selandia,Europe,3186
Bergen op Zoom,Países Bajos,Western Europe,Brabante Septentrional,Europe,3187
Oleksandriya,Ucrania,Eastern Europe,Kirovohrad,Europe,3188
Kidderminster,Reino Unido,Northern Europe,Inglaterra,Europe,3189
Gy?r,Hungría,Eastern Europe,Gy?r,Europe,3190
Dole,Francia,Western Europe,Borgoña-Franco Condado,Europe,3191
Vittoria,Italia,Southern Europe,Sicilia,Europe,3192
Nysa,Polonia,Eastern Europe,Opole,Europe,3193
Sousa,Brasil,South America,Paraíba,LATAM,3194
Jaú,Brasil,South America,São Paulo,LATAM,3195
El Tigre,Venezuela,South America,Anzoátegui,LATAM,3196
Lajeado,Brasil,South America,Rio Grande do Sul,LATAM,3197
Toledo,Brasil,South America,Paraná,LATAM,3198
Jiaohe,China,Eastern Asia,Jilin,Pacific Asia,3199
Anshun,China,Eastern Asia,Guizhou,Pacific Asia,3200
Mataram,Indonesia,Southeast Asia,Nusatenggara Occidental,Pacific Asia,3201
Kure,Japón,Eastern Asia,Hiroshima,Pacific Asia,3202
Afyon,Turquía,West Asia,Afyonkarahisar,Pacific Asia,3203
Jayapura,Indonesia,Southeast Asia,Papua,Pacific Asia,3204
Tarsus,Turquía,West Asia,Mersin,Pacific Asia,3205
Diyarbakir,Turquía,West Asia,Diyarbakir,Pacific Asia,3206
Jingmen,China,Eastern Asia,Hubei,Pacific Asia,3207
Quanzhou,China,Eastern Asia,Fujian,Pacific Asia,3208
Marion,Estados Unidos,US Center ,Iowa,USCA,3209
Lancaster,Estados Unidos,East of USA,Pensilvania,USCA,3210
Chilly-Mazarin,Francia,Western Europe,Isla de Francia,Europe,3211
Matehuala,México,Central America,San Luis Potosí,LATAM,3212
Arcoverde,Brasil,South America,Pernambuco,LATAM,3213
Kawagoe,Japón,Eastern Asia,Saitama,Pacific Asia,3214
Shahjahanpur,India,South Asia,Uttar Pradesh,Pacific Asia,3215
Barddhaman,India,South Asia,Bengala Occidental,Pacific Asia,3216
Çanakkale,Turquía,West Asia,Çanakkale,Pacific Asia,3217
New Brunswick,Estados Unidos,East of USA,Nueva Jersey,USCA,3218
Cottage Grove,Estados Unidos,US Center ,Minnesota,USCA,3219
Gladstone,Estados Unidos,US Center ,Misuri,USCA,3220
Eau Claire,Estados Unidos,US Center ,Wisconsin,USCA,3221
Chico,Estados Unidos,West of USA ,California,USCA,3222
Burnaby,Canada,Canada,Columbia británica,USCA,3223
Modesto,Estados Unidos,West of USA ,California,USCA,3224
Elbasan,Albania,Southern Europe,Elbasan,Europe,3225
Concord,Estados Unidos,West of USA ,California,USCA,3226
Dartmouth,Canada,Canada,Nueva Escocia,USCA,3227
Hamilton,Estados Unidos,East of USA,Ohio,USCA,3228
Lagny-sur-Marne,Francia,Western Europe,Isla de Francia,Europe,3229
Guatire,Venezuela,South America,Miranda,LATAM,3230
Samarra,Irak,West Asia,Saladino,Pacific Asia,3231
Macon,Estados Unidos,South of  USA ,Georgia,USCA,3232
West Palm Beach,Estados Unidos,South of  USA ,Florida,USCA,3233
Tulle,Francia,Western Europe,Aquitania-Lemosín-Poitou-Charentes,Europe,3234
Barretos,Brasil,South America,São Paulo,LATAM,3235
Erechim,Brasil,South America,Rio Grande do Sul,LATAM,3236
Huixquilucan,México,Central America,México,LATAM,3237
Shuangcheng,China,Eastern Asia,Heilongjiang,Pacific Asia,3238
Tripoli,Líbano,West Asia,Líbano del Norte,Pacific Asia,3239
Foshan,China,Eastern Asia,Guangdong,Pacific Asia,3240
Suizhou,China,Eastern Asia,Hubei,Pacific Asia,3241
Ube,Japón,Eastern Asia,Yamaguchi,Pacific Asia,3242
Meizhou,China,Eastern Asia,Guangdong,Pacific Asia,3243
Tongliao,China,Eastern Asia,Mongolia Interior,Pacific Asia,3244
Revere,Estados Unidos,East of USA,Massachusetts,USCA,3245
Hamilton,Canada,Canada,Ontario,USCA,3246
Hot Springs,Estados Unidos,South of  USA ,Arkansas,USCA,3247
Woodstock,Estados Unidos,US Center ,Illinois,USCA,3248
Rochester Hills,Estados Unidos,US Center ,Michigan,USCA,3249
Bullhead City,Estados Unidos,West of USA ,Arizona,USCA,3250
Vilhena,Brasil,South America,Rondônia,LATAM,3251
Milford,Estados Unidos,East of USA,Connecticut,USCA,3252
Renton,Estados Unidos,West of USA ,Washington,USCA,3253
Issoire,Francia,Western Europe,Auvernia,Europe,3254
Mariupol,Ucrania,Eastern Europe,Donetsk,Europe,3255
Albertville,Francia,Western Europe,Auvernia-Ródano-Alpes,Europe,3256
Khasavyurt,Rusia,Eastern Europe,Daguestán,Europe,3257
Leoben,Austria,Western Europe,Stiria,Europe,3258
Wetter (Ruhr),Alemania,Western Europe,Renania del Norte-Westfalia,Europe,3259
Coudekerque-Branche,Francia,Western Europe,Norte-Paso de Calais-Picardía,Europe,3260
Poitiers,Francia,Western Europe,Aquitania-Lemosín-Poitou-Charentes,Europe,3261
Trani,Italia,Southern Europe,Apulia,Europe,3262
Santa Cruz do Sul,Brasil,South America,Rio Grande do Sul,LATAM,3263
Paramaribo,Surinam,South America,Paramaribo,LATAM,3264
Guatemala City,Guatemala,Central America,Guatemala,LATAM,3265
Cassilândia,Brasil,South America,Mato Grosso del Sur,LATAM,3266
Xuanhua,China,Eastern Asia,Hebei,Pacific Asia,3267
Leshan,China,Eastern Asia,Sichuan,Pacific Asia,3268
Hisar,India,South Asia,Haryana,Pacific Asia,3269
Kasugai,Japón,Eastern Asia,Aichi,Pacific Asia,3270
Tuscaloosa,Estados Unidos,South of  USA ,Alabama,USCA,3271
Temecula,Estados Unidos,West of USA ,California,USCA,3272
Gulfport,Estados Unidos,South of  USA ,Misisipi,USCA,3273
La Porte,Estados Unidos,US Center ,Texas,USCA,3274
Oxnard,Estados Unidos,West of USA ,California,USCA,3275
Stockton,Estados Unidos,West of USA ,California,USCA,3276
Woonsocket,Estados Unidos,East of USA,Rhode Island,USCA,3277
Buffalo Grove,Estados Unidos,US Center ,Illinois,USCA,3278
Garland,Estados Unidos,US Center ,Texas,USCA,3279
Edmond,Estados Unidos,US Center ,Oklahoma,USCA,3280
Salon-de-Provence,Francia,Western Europe,Provenza-Alpes-Costa Azul,Europe,3281
Taylor,Estados Unidos,US Center ,Michigan,USCA,3282
Holland,Estados Unidos,US Center ,Michigan,USCA,3283
Al Amarah,Irak,West Asia,Mesena,Pacific Asia,3284
Maroua,Camerún,Central Africa,Extreme-Nord,Africa,3285
Moshi,Tanzania,East Africa,Kilimanjaro,Africa,3286
Rubí,España,Southern Europe,Cataluña,Europe,3287
Caluire-et-Cuire,Francia,Western Europe,Auvernia-Ródano-Alpes,Europe,3288
Pingxiang,China,Eastern Asia,Jiangxi,Pacific Asia,3289
Waukesha,Estados Unidos,US Center ,Wisconsin,USCA,3290
Lawton,Estados Unidos,US Center ,Oklahoma,USCA,3291
Korla,China,Eastern Asia,Xinjiang Uygur,Pacific Asia,3292
Yamoussoukro,Costa de Marfil,West Africa,Lacs,Africa,3293
Qena,Egipto,North Africa,Qina,Africa,3294
Bergerac,Francia,Western Europe,Aquitania-Lemosín-Poitou-Charentes,Europe,3295
Sosnowiec,Polonia,Eastern Europe,Silesia,Europe,3296
Ermont,Francia,Western Europe,Isla de Francia,Europe,3297
Ludwigsburg,Alemania,Western Europe,Baden-Wurtemberg,Europe,3298
Delmenhorst,Alemania,Western Europe,Baja Sajonia,Europe,3299
Quevedo,Ecuador,South America,Los Ríos,LATAM,3300
Araraquara,Brasil,South America,São Paulo,LATAM,3301
Chiclayo,Perú,South America,Lambayeque,LATAM,3302
Santos,Brasil,South America,São Paulo,LATAM,3303
Riberalta,Bolivia,South America,El Beni,LATAM,3304
San Ignacio,Belice,Central America,Distrito de Cayo,LATAM,3305
Taboão da Serra,Brasil,South America,São Paulo,LATAM,3306
Tumkur,India,South Asia,Karnataka,Pacific Asia,3307
Cheonan,Corea del Sur,Eastern Asia,Chungcheong del Sur,Pacific Asia,3308
Boca Raton,Estados Unidos,South of  USA ,Florida,USCA,3309
Andover,Estados Unidos,East of USA,Massachusetts,USCA,3310
Liubliana,Eslovenia,Southern Europe,Liubliana,Europe,3311
Suining,China,Eastern Asia,Sichuan,Pacific Asia,3312
Kandahar,Afganistán,South Asia,Kandahar,Pacific Asia,3313
Shahreza,Irán,South Asia,Isfahán,Pacific Asia,3314
Ilam,Irán,South Asia,Ilam,Pacific Asia,3315
Citrus Heights,Estados Unidos,West of USA ,California,USCA,3316
Loveland,Estados Unidos,West of USA ,Colorado,USCA,3317
Akure,Nigeria,West Africa,Ondo,Africa,3318
Koidu,Sierra Leona,West Africa,Oriental,Africa,3319
Uvira,República Democrática del Congo,Central Africa,Kivu del Sur,Africa,3320
Bauchi,Nigeria,West Africa,Bauchi,Africa,3321
Fort Portal,Uganda,East Africa,Kabarole,Africa,3322
Terneuzen,Países Bajos,Western Europe,Zelanda,Europe,3323
Caraguatatuba,Brasil,South America,São Paulo,LATAM,3324
Apartadó,Colombia,South America,Antioquía,LATAM,3325
Plaisance-du-Touch,Francia,Western Europe,Languedoc-Rosellón-Mediodía-Pirineos,Europe,3326
Clacton-on-Sea,Reino Unido,Northern Europe,Inglaterra,Europe,3327
Getxo,España,Southern Europe,País Vasco,Europe,3328
Odivelas,Portugal,Southern Europe,Lisboa,Europe,3329
Behbahan,Irán,South Asia,Juzestán,Pacific Asia,3330
Pickering,Canada,Canada,Ontario,USCA,3331
Gorzow Wielkopolski,Polonia,Eastern Europe,Lubusz,Europe,3332
Aydin,Turquía,West Asia,Aydin,Pacific Asia,3333
Majadahonda,España,Southern Europe,Madrid,Europe,3334
Cuxhaven,Alemania,Western Europe,Baja Sajonia,Europe,3335
Chatham,Reino Unido,Northern Europe,Inglaterra,Europe,3336
Bento Gonçalves,Brasil,South America,Rio Grande do Sul,LATAM,3337
Palmares,Brasil,South America,Pernambuco,LATAM,3338
Zielona Gora,Polonia,Eastern Europe,Lubusz,Europe,3339
Woodbury,Estados Unidos,US Center ,Minnesota,USCA,3340
Jalna,India,South Asia,Maharashtra,Pacific Asia,3341
Crato,Brasil,South America,Ceará,LATAM,3342
Ciénaga,Colombia,South America,Magdalena,LATAM,3343
Dax,Francia,Western Europe,Aquitania-Lemosín-Poitou-Charentes,Europe,3344
Molina de Segura,España,Southern Europe,Murcia,Europe,3345
San Salvador de Jujuy,Argentina,South America,Jujuy,LATAM,3346
Halmstad,Suecia,Northern Europe,Halland,Europe,3347
Gaomi,China,Eastern Asia,Shandong,Pacific Asia,3348
Wuzhou,China,Eastern Asia,Guangxi,Pacific Asia,3349
Anantapur,India,South Asia,Andhra Pradesh,Pacific Asia,3350
Huaihua,China,Eastern Asia,Hunan,Pacific Asia,3351
Pekalongan,Indonesia,Southeast Asia,Java Central,Pacific Asia,3352
Xinxiang,China,Eastern Asia,Henan,Pacific Asia,3353
Guiping,China,Eastern Asia,Guangxi,Pacific Asia,3354
Sartrouville,Francia,Western Europe,Isla de Francia,Europe,3355
Bastia,Francia,Western Europe,Corse,Europe,3356
Guimarães,Portugal,Southern Europe,Braga,Europe,3357
Civitavecchia,Italia,Southern Europe,Lacio,Europe,3358
Saint-Louis,Francia,Western Europe,Alsacia-Champaña-Ardenas-Lorena,Europe,3359
Agen,Francia,Western Europe,Aquitania-Lemosín-Poitou-Charentes,Europe,3360
Marl,Alemania,Western Europe,Renania del Norte-Westfalia,Europe,3361
Oullins,Francia,Western Europe,Auvernia-Ródano-Alpes,Europe,3362
Ragusa,Italia,Southern Europe,Sicilia,Europe,3363
Caserta,Italia,Southern Europe,Campania,Europe,3364
Valenciennes,Francia,Western Europe,Norte-Paso de Calais-Picardía,Europe,3365
Avon,Francia,Western Europe,Isla de Francia,Europe,3366
Les Pennes-Mirabeau,Francia,Western Europe,Provenza-Alpes-Costa Azul,Europe,3367
Borken,Alemania,Western Europe,Renania del Norte-Westfalia,Europe,3368
Eskilstuna,Suecia,Northern Europe,Södermanland,Europe,3369
Bad Waldsee,Alemania,Western Europe,Baden-Wurtemberg,Europe,3370
South Shields,Reino Unido,Northern Europe,Inglaterra,Europe,3371
Osny,Francia,Western Europe,Isla de Francia,Europe,3372
Mâcon,Francia,Western Europe,Borgoña-Franco Condado,Europe,3373
Loos,Francia,Western Europe,Norte-Paso de Calais-Picardía,Europe,3374
Houilles,Francia,Western Europe,Isla de Francia,Europe,3375
Stourbridge,Reino Unido,Northern Europe,Inglaterra,Europe,3376
Barcelona,Venezuela,South America,Anzoátegui,LATAM,3377
Andradina,Brasil,South America,São Paulo,LATAM,3378
Pato Branco,Brasil,South America,Paraná,LATAM,3379
Floriano,Brasil,South America,Piauí,LATAM,3380
Guarenas,Venezuela,South America,Miranda,LATAM,3381
Palhoça,Brasil,South America,Santa Catarina,LATAM,3382
Cadereyta,México,Central America,Nuevo León,LATAM,3383
Villavicencio,Colombia,South America,Meta,LATAM,3384
Delicias,México,Central America,Chihuahua,LATAM,3385
Franco da Rocha,Brasil,South America,São Paulo,LATAM,3386
Fernando de la Mora,Paraguay,South America,Central,LATAM,3387
Várzea Grande,Brasil,South America,Mato Grosso,LATAM,3388
Gravatá,Brasil,South America,Pernambuco,LATAM,3389
Babol,Irán,South Asia,Mazandarán,Pacific Asia,3390
Mau,India,South Asia,Uttar Pradesh,Pacific Asia,3391
Clovis,Estados Unidos,West of USA ,Nuevo México,USCA,3392
Saint-Cloud,Francia,Western Europe,Isla de Francia,Europe,3393
Igdir,Turquía,West Asia,Igdir,Pacific Asia,3394
Chipata,Zambia,East Africa,Oriental,Africa,3395
Yantai,China,Eastern Asia,Shandong,Pacific Asia,3396
Zinder,Níger,West Africa,Zinder,Africa,3397
Feira,Portugal,Southern Europe,Aveiro,Europe,3398
Pila,Polonia,Eastern Europe,Gran Polonia,Europe,3399
Ferndown,Reino Unido,Northern Europe,Inglaterra,Europe,3400
Santa Rosa,Argentina,South America,La Pampa,LATAM,3401
Yiyang,China,Eastern Asia,Hunan,Pacific Asia,3402
Inegol,Turquía,West Asia,Bursa,Pacific Asia,3403
Delray Beach,Estados Unidos,South of  USA ,Florida,USCA,3404
Murrieta,Estados Unidos,West of USA ,California,USCA,3405
Stevenage,Reino Unido,Northern Europe,Inglaterra,Europe,3406
Berdyans'k,Ucrania,Eastern Europe,Zaporiyia,Europe,3407
Karliova,Turquía,West Asia,Bingöl,Pacific Asia,3408
Roman,Rumania,Eastern Europe,Neamt,Europe,3409
Neuwied,Alemania,Western Europe,Renania-Palatinado,Europe,3410
Amersfoort,Países Bajos,Western Europe,Utrecht,Europe,3411
Roosendaal,Países Bajos,Western Europe,Brabante Septentrional,Europe,3412
Polatsk,Bielorrusia,Eastern Europe,Vitsyebsk,Europe,3413
Saqqez,Irán,South Asia,Kurdistán,Pacific Asia,3414
Nijmegen,Países Bajos,Western Europe,Güeldres,Europe,3415
Montargis,Francia,Western Europe,Centro-Valle de Loira,Europe,3416
Oss,Países Bajos,Western Europe,Brabante Septentrional,Europe,3417
Cidade Ocidental,Brasil,South America,Goiás,LATAM,3418
Carapicuíba,Brasil,South America,São Paulo,LATAM,3419
Talara,Perú,South America,Piura,LATAM,3420
Peoria,Estados Unidos,US Center ,Illinois,USCA,3421
Camarillo,Estados Unidos,West of USA ,California,USCA,3422
Uithoorn,Países Bajos,Western Europe,Holanda Septentrional,Europe,3423
La Rioja,Argentina,South America,La Rioja,LATAM,3424
Rottingdean,Reino Unido,Northern Europe,Inglaterra,Europe,3425
Fargo,Estados Unidos,US Center ,Dakota del Norte,USCA,3426
Drobeta-Turnu Severin,Rumania,Eastern Europe,Mehedinti,Europe,3427
Brantford,Canada,Canada,Ontario,USCA,3428
Tahta,Egipto,North Africa,Suhaj,Africa,3429
Brikama,República de Gambia,West Africa,Occidental,Africa,3430
Ris-Orangis,Francia,Western Europe,Isla de Francia,Europe,3431
Millau,Francia,Western Europe,Languedoc-Rosellón-Mediodía-Pirineos,Europe,3432
Harlow,Reino Unido,Northern Europe,Inglaterra,Europe,3433
Cuenca,España,Southern Europe,Castilla-La Mancha,Europe,3434
Dunstable,Reino Unido,Northern Europe,Inglaterra,Europe,3435
Charallave,Venezuela,South America,Miranda,LATAM,3436
Acámbaro,México,Central America,Guanajuato,LATAM,3437
Paço do Lumiar,Brasil,South America,Marañón,LATAM,3438
Barranca,Perú,South America,Lima,LATAM,3439
Mau,India,South Asia,Madhya Pradesh,Pacific Asia,3440
Torbali,Turquía,West Asia,Izmir,Pacific Asia,3441
Shihezi,China,Eastern Asia,Xinjiang Uygur,Pacific Asia,3442
Tongi,Bangladés,South Asia,Daca,Pacific Asia,3443
Binzhou,China,Eastern Asia,Heilongjiang,Pacific Asia,3444
Takasaki,Japón,Eastern Asia,Gunma,Pacific Asia,3445
Dubuque,Estados Unidos,US Center ,Iowa,USCA,3446
Whittier,Estados Unidos,West of USA ,California,USCA,3447
Ontario,Estados Unidos,West of USA ,California,USCA,3448
Bryan,Estados Unidos,US Center ,Texas,USCA,3449
Cedar Rapids,Estados Unidos,US Center ,Iowa,USCA,3450
Elyria,Estados Unidos,East of USA,Ohio,USCA,3451
Longueuil,Canada,Canada,Quebec,USCA,3452
Saint Petersburg,Estados Unidos,South of  USA ,Florida,USCA,3453
Homestead,Estados Unidos,South of  USA ,Florida,USCA,3454
Marysville,Estados Unidos,West of USA ,Washington,USCA,3455
Saint-Louis,Senegal,West Africa,Saint-Louis,Africa,3456
Ludwigsfelde,Alemania,Western Europe,Brandenburgo,Europe,3457
Gorgan,Irán,South Asia,Golestán,Pacific Asia,3458
Stains,Francia,Western Europe,Isla de Francia,Europe,3459
Ipatinga,Brasil,South America,Minas Gerais,LATAM,3460
Oktyabr'skiy,Rusia,Eastern Europe,Bashkortostán,Europe,3461
Royal Oak,Estados Unidos,US Center ,Michigan,USCA,3462
Norman,Estados Unidos,US Center ,Oklahoma,USCA,3463
Balmazujvaros,Hungría,Eastern Europe,Hajdú-Bihar,Europe,3464
Silopi,Turquía,West Asia,Sirnak,Pacific Asia,3465
Coppell,Estados Unidos,US Center ,Texas,USCA,3466
Rock Hill,Estados Unidos,South of  USA ,Carolina del Sur,USCA,3467
Zwedru,Liberia,West Africa,Grand Gedeh,Africa,3468
Iringa,Tanzania,East Africa,Iringa,Africa,3469
Gaborone,Botsuana,Southern Africa,Sudeste,Africa,3470
Guamúchil,México,Central America,Sinaloa,LATAM,3471
Anyang,China,Eastern Asia,Henan,Pacific Asia,3472
Villeneuve-la-Garenne,Francia,Western Europe,Isla de Francia,Europe,3473
Yokkaichi,Japón,Eastern Asia,Mie,Pacific Asia,3474
Briton Ferry,Reino Unido,Northern Europe,Gales,Europe,3475
Birobidzhan,Rusia,Eastern Europe,Yevrey,Europe,3476
Oradea,Rumania,Eastern Europe,Bihor,Europe,3477
Ariquemes,Brasil,South America,Rondônia,LATAM,3478
Bolu,Turquía,West Asia,Bolu,Pacific Asia,3479
Changshu,China,Eastern Asia,Jiangsu,Pacific Asia,3480
Mutare,Zimbabue,East Africa,Manicalandia,Africa,3481
Guildford,Reino Unido,Northern Europe,Inglaterra,Europe,3482
La Ciotat,Francia,Western Europe,Provenza-Alpes-Costa Azul,Europe,3483
Treviglio,Italia,Southern Europe,Lombardía,Europe,3484
Cherbourg-Octeville,Francia,Western Europe,Normandía,Europe,3485
Buca,Turquía,West Asia,Izmir,Pacific Asia,3486
Marlborough,Estados Unidos,East of USA,Massachusetts,USCA,3487
Lichinga,Mozambique,East Africa,Niassa,Africa,3488
Nuneaton,Reino Unido,Northern Europe,Inglaterra,Europe,3489
Mauguio,Francia,Western Europe,Languedoc-Rosellón-Mediodía-Pirineos,Europe,3490
Zhangzhou,China,Eastern Asia,Fujian,Pacific Asia,3491
Vanadzor,Armenia,West Asia,Lori,Pacific Asia,3492
Greenwood,Estados Unidos,US Center ,Indiana,USCA,3493
Grand Island,Estados Unidos,US Center ,Nebraska,USCA,3494
Kiziltepe,Turquía,West Asia,Mardin,Pacific Asia,3495
Modica,Italia,Southern Europe,Sicilia,Europe,3496
Semnán,Irán,South Asia,Semnán,Pacific Asia,3497
Beipiao,China,Eastern Asia,Liaoning,Pacific Asia,3498
Ann Arbor,Estados Unidos,US Center ,Michigan,USCA,3499
Cangzhou,China,Eastern Asia,Hebei,Pacific Asia,3500
Bozeman,Estados Unidos,West of USA ,Montana,USCA,3501
Warrnambool,Australia,Oceania,Victoria,Pacific Asia,3502
Jizzakh,Uzbekistán,Central Asia,Jizzakh,Pacific Asia,3503
Santa Fe,Estados Unidos,West of USA ,Nuevo México,USCA,3504
Reading,Estados Unidos,East of USA,Pensilvania,USCA,3505
Girga,Egipto,North Africa,Suhaj,Africa,3506
Halifax,Canada,Canada,Nueva Escocia,USCA,3507
Be'er Sheva,Israel,West Asia,Meridional,Pacific Asia,3508
Umraniye,Turquía,West Asia,Estambul,Pacific Asia,3509
Sliven,Bulgaria,Eastern Europe,Sliven,Europe,3510
Berrechid,Marruecos,North Africa,Chauía-Uardiga,Africa,3511
Rafsanjan,Irán,South Asia,Kerman,Pacific Asia,3512
Igurusi,Tanzania,East Africa,Mbeya,Africa,3513
Isparta,Turquía,West Asia,Isparta,Pacific Asia,3514
Rize,Turquía,West Asia,Rize,Pacific Asia,3515
Pietermaritzburg,SudAfrica,Southern Africa,KwaZulu-Natal,Africa,3516
Gusau,Nigeria,West Africa,Zamfara,Africa,3517
Shahriar,Irán,South Asia,Teherán,Pacific Asia,3518
Bata,Guinea Ecuatorial,Central Africa,Litoral,Africa,3519
Melitopol,Ucrania,Eastern Europe,Zaporiyia,Europe,3520
Borazjan,Irán,South Asia,Bushehr,Pacific Asia,3521
Baqubah,Irak,West Asia,Diala,Pacific Asia,3522
Ar Raqa,Siria,West Asia,Ar Raqa,Pacific Asia,3523
Tanta,Egipto,North Africa,Gharbia,Africa,3524
Stakhanov,Ucrania,Eastern Europe,Lugansk,Europe,3525
Al Khums,Libia,North Africa,Al Marqab,Africa,3526
Osh,Kirguistán,Central Asia,Osh,Pacific Asia,3527
Cape Coast,Ghana,West Africa,Central,Africa,3528
Tokat,Turquía,West Asia,Tokat,Pacific Asia,3529
Nal'chik,Rusia,Eastern Europe,Kabardia-Balkaria,Europe,3530
Usak,Turquía,West Asia,Usak,Pacific Asia,3531
Deva,Rumania,Eastern Europe,Hunedoara,Europe,3532
Mufulira,Zambia,East Africa,Copperbelt,Africa,3533
Khemisset,Marruecos,North Africa,Rabat-Salé-Zemur-Zaer,Africa,3534
Kuwait City,Kuwait,West Asia,Al Asimah,Pacific Asia,3535
Mason,Estados Unidos,East of USA,Ohio,USCA,3536
San Clemente,Estados Unidos,West of USA ,California,USCA,3537
Arlington Heights,Estados Unidos,US Center ,Illinois,USCA,3538
Fort Collins,Estados Unidos,West of USA ,Colorado,USCA,3539
North Miami,Estados Unidos,South of  USA ,Florida,USCA,3540
Twin Falls,Estados Unidos,West of USA ,Idaho,USCA,3541
Rancho Cucamonga,Estados Unidos,West of USA ,California,USCA,3542
San José de Guanipa,Venezuela,South America,Anzoátegui,LATAM,3543
Itamaraju,Brasil,South America,Bahía,LATAM,3544
Tatuí,Brasil,South America,São Paulo,LATAM,3545
Coari,Brasil,South America,Amazonas,LATAM,3546
Senhor do Bonfim,Brasil,South America,Bahía,LATAM,3547
Poços de Caldas,Brasil,South America,Minas Gerais,LATAM,3548
Camaragibe,Brasil,South America,Pernambuco,LATAM,3549
Mérida,Venezuela,South America,Mérida,LATAM,3550
Chevilly-Larue,Francia,Western Europe,Isla de Francia,Europe,3551
Chiclana de la Frontera,España,Southern Europe,Andalucía,Europe,3552
Cuneo,Italia,Southern Europe,Piamonte,Europe,3553
Upplands Väsby,Suecia,Northern Europe,Estocolmo,Europe,3554
Visalia,Estados Unidos,West of USA ,California,USCA,3555
North Charleston,Estados Unidos,South of  USA ,Carolina del Sur,USCA,3556
Thousand Oaks,Estados Unidos,West of USA ,California,USCA,3557
Draper,Estados Unidos,West of USA ,Utah,USCA,3558
Oak Park,Estados Unidos,US Center ,Michigan,USCA,3559
Kirkwood,Estados Unidos,US Center ,Misuri,USCA,3560
Deltona,Estados Unidos,South of  USA ,Florida,USCA,3561
Danville,Estados Unidos,US Center ,Illinois,USCA,3562
Carol Stream,Estados Unidos,US Center ,Illinois,USCA,3563
Tinley Park,Estados Unidos,US Center ,Illinois,USCA,3564
Conroe,Estados Unidos,US Center ,Texas,USCA,3565
San Mateo,Estados Unidos,West of USA ,California,USCA,3566
Missouri City,Estados Unidos,US Center ,Texas,USCA,3567
Billings,Estados Unidos,West of USA ,Montana,USCA,3568
Murray,Estados Unidos,South of  USA ,Kentucky,USCA,3569
Jamestown,Estados Unidos,East of USA,Nueva York,USCA,3570
Coachella,Estados Unidos,West of USA ,California,USCA,3571
South Bend,Estados Unidos,US Center ,Indiana,USCA,3572
Auburn,Estados Unidos,West of USA ,Washington,USCA,3573
Appleton,Estados Unidos,US Center ,Wisconsin,USCA,3574
Whakatane,Nueva Zelanda,Oceania,Bay of Plenty,Pacific Asia,3575
San Pedro,Filipinas,Southeast Asia,Calabarzón,Pacific Asia,3576
Coxs B?z?r,Bangladés,South Asia,Chittagong,Pacific Asia,3577
Yongchuan,China,Eastern Asia,Chongqing,Pacific Asia,3578
Zaoyang,China,Eastern Asia,Hubei,Pacific Asia,3579
Rizhao,China,Eastern Asia,Shandong,Pacific Asia,3580
Tsukuba,Japón,Eastern Asia,Ibaraki,Pacific Asia,3581
Luanshya,Zambia,East Africa,Copperbelt,Africa,3582
Dartford,Reino Unido,Northern Europe,Inglaterra,Europe,3583
Stadtlohn,Alemania,Western Europe,Renania del Norte-Westfalia,Europe,3584
Teramo,Italia,Southern Europe,Abruzos,Europe,3585
Louviers,Francia,Western Europe,Normandía,Europe,3586
Cercola,Italia,Southern Europe,Campania,Europe,3587
Allauch,Francia,Western Europe,Provenza-Alpes-Costa Azul,Europe,3588
Bracknell,Reino Unido,Northern Europe,Inglaterra,Europe,3589
Rosenheim,Alemania,Western Europe,Bavaria,Europe,3590
Casoria,Italia,Southern Europe,Campania,Europe,3591
Facatativá,Colombia,South America,Cundinamarca,LATAM,3592
La Pintana,Chile,South America,Santiago de Chile,LATAM,3593
Itapeva,Brasil,South America,São Paulo,LATAM,3594
Musoma,Tanzania,East Africa,Mara,Africa,3595
Damanhur,Egipto,North Africa,Al Buhayrah,Africa,3596
Shumen,Bulgaria,Eastern Europe,Shumen,Europe,3597
Gyula,Hungría,Eastern Europe,Békés,Europe,3598
Sorriso,Brasil,South America,Mato Grosso,LATAM,3599
Ordu,Turquía,West Asia,Ordu,Pacific Asia,3600
Jiaxing,China,Eastern Asia,Zhejiang,Pacific Asia,3601
Phuntsholing,Bután,South Asia,Chukha,Pacific Asia,3602
Sanming,China,Eastern Asia,Fujian,Pacific Asia,3603
Suceava,Rumania,Eastern Europe,Suceava,Europe,3604
Pazardzhik,Bulgaria,Eastern Europe,Pazardzhik,Europe,3605
Focsani,Rumania,Eastern Europe,Vrancea,Europe,3606
San Carlos del Zulia,Venezuela,South America,Zulia,LATAM,3607
Barra do Piraí,Brasil,South America,Río de Janeiro,LATAM,3608
Kazerun,Irán,South Asia,Fars,Pacific Asia,3609
Kawaguchi,Japón,Eastern Asia,Chiba,Pacific Asia,3610
Taldyqorghan,Kazajistán,Central Asia,Almaty,Pacific Asia,3611
Bhilwara,India,South Asia,Rajastán,Pacific Asia,3612
Bharatpur,India,South Asia,Rajastán,Pacific Asia,3613
Ghaziabad,India,South Asia,Uttar Pradesh,Pacific Asia,3614
Park Ridge,Estados Unidos,US Center ,Illinois,USCA,3615
Canton,Estados Unidos,US Center ,Michigan,USCA,3616
Holyoke,Estados Unidos,East of USA,Massachusetts,USCA,3617
Romeoville,Estados Unidos,US Center ,Illinois,USCA,3618
Independence,Estados Unidos,US Center ,Misuri,USCA,3619
Lubango,Angola,Central Africa,Huila,Africa,3620
Hadera,Israel,West Asia,Haifa,Pacific Asia,3621
Ormond Beach,Estados Unidos,South of  USA ,Florida,USCA,3622
Toliara,Madagascar,East Africa,Atsimo-Andrefana,Africa,3623
Stafford,Reino Unido,Northern Europe,Inglaterra,Europe,3624
Kortrijk,Bélgica,Western Europe,Flanders Occidental,Europe,3625
Hardenberg,Países Bajos,Western Europe,Overijssel,Europe,3626
Junín,Argentina,South America,Buenos Aires (provincia),LATAM,3627
Dzhezkazgan,Kazajistán,Central Asia,Karagandá,Pacific Asia,3628
Kita-ku,Japón,Eastern Asia,Osaka,Pacific Asia,3629
Latur,India,South Asia,Maharashtra,Pacific Asia,3630
Yuncheng,China,Eastern Asia,Shanxi,Pacific Asia,3631
Bingöl,Turquía,West Asia,Bingöl,Pacific Asia,3632
New Delhi,India,South Asia,Delhi,Pacific Asia,3633
Laurel,Estados Unidos,East of USA,Maryland,USCA,3634
Bellingham,Estados Unidos,West of USA ,Washington,USCA,3635
Ponteareas,España,Southern Europe,Galicia,Europe,3636
Gombe,Nigeria,West Africa,Gombe,Africa,3637
Buriticupu,Brasil,South America,Marañón,LATAM,3638
Piotrkow Trybunalski,Polonia,Eastern Europe,Lodz,Europe,3639
Boksburg,SudAfrica,Southern Africa,Gauteng,Africa,3640
Koumra,Chad,Central Africa,Mandoul,Africa,3641
Villeneuve-Saint-Georges,Francia,Western Europe,Isla de Francia,Europe,3642
Cambrai,Francia,Western Europe,Norte-Paso de Calais-Picardía,Europe,3643
Karaman,Turquía,West Asia,Karaman,Pacific Asia,3644
Torbat-e Heydariyeh,Irán,South Asia,Jorasán Razaví,Pacific Asia,3645
Roseville,Estados Unidos,US Center ,Michigan,USCA,3646
Fulda,Alemania,Western Europe,Hesse,Europe,3647
Javanrud,Irán,South Asia,Kermanshah,Pacific Asia,3648
Sapele,Nigeria,West Africa,Delta,Africa,3649
Kara,Togo,West Africa,Kara,Africa,3650
Gatineau,Canada,Canada,Quebec,USCA,3651
Czestochowa,Polonia,Eastern Europe,Silesia,Europe,3652
Cubuk,Turquía,West Asia,Ankara,Pacific Asia,3653
East Orange,Estados Unidos,East of USA,Nueva Jersey,USCA,3654
El Cajon,Estados Unidos,West of USA ,California,USCA,3655
Chula Vista,Estados Unidos,West of USA ,California,USCA,3656
Cedar Hill,Estados Unidos,US Center ,Texas,USCA,3657
Moorhead,Estados Unidos,US Center ,Minnesota,USCA,3658
Las Cruces,Estados Unidos,West of USA ,Nuevo México,USCA,3659
New Castle,Estados Unidos,US Center ,Indiana,USCA,3660
Grapevine,Estados Unidos,US Center ,Texas,USCA,3661
Jingdezhen,China,Eastern Asia,Jiangxi,Pacific Asia,3662
Elbeuf,Francia,Western Europe,Normandía,Europe,3663
Bitonto,Italia,Southern Europe,Apulia,Europe,3664
San Severo,Italia,Southern Europe,Apulia,Europe,3665
Battipaglia,Italia,Southern Europe,Campania,Europe,3666
Andria,Italia,Southern Europe,Apulia,Europe,3667
Cambé,Brasil,South America,Paraná,LATAM,3668
Pasto,Colombia,South America,Nariño,LATAM,3669
Aalen,Alemania,Western Europe,Baden-Wurtemberg,Europe,3670
Belgrade,Serbia,Eastern Europe,Serbia Central,Europe,3671
Mbinga,Tanzania,East Africa,Ruvuma,Africa,3672
Leiden,Países Bajos,Western Europe,Holanda Meridional,Europe,3673
Sorgues,Francia,Western Europe,Provenza-Alpes-Costa Azul,Europe,3674
Guelmim,Marruecos,North Africa,Guelmim-Esmara,Africa,3675
Buyukcekmece,Turquía,West Asia,Estambul,Pacific Asia,3676
Stara Zagora,Bulgaria,Eastern Europe,Stara Zagora,Europe,3677
Ibb,Yemen,West Asia,Ibb,Pacific Asia,3678
Midyat,Turquía,West Asia,Mardin,Pacific Asia,3679
Pinsk,Bielorrusia,Eastern Europe,Brest,Europe,3680
Sidi Bel Abbes,Argelia,North Africa,Sidi Bel Abbes,Africa,3681
Ulundi,SudAfrica,Southern Africa,KwaZulu-Natal,Africa,3682
Zabol,Irán,South Asia,Sistán y Baluchistán,Pacific Asia,3683
Jastrzebie Zdroj,Polonia,Eastern Europe,Silesia,Europe,3684
Dar Chioukh,Argelia,North Africa,Djelfa,Africa,3685
Cruzeiro do Sul,Brasil,South America,Acre,LATAM,3686
Mouscron,Bélgica,Western Europe,Henao,Europe,3687
Riom,Francia,Western Europe,Auvernia,Europe,3688
Waterloo,Estados Unidos,US Center ,Iowa,USCA,3689
La Chapelle-sur-Erdre,Francia,Western Europe,Países del Loira,Europe,3690
Guanare,Venezuela,South America,Portuguesa,LATAM,3691
Chigasaki,Japón,Eastern Asia,Kanagawa,Pacific Asia,3692
Arrentela,Portugal,Southern Europe,Setúbal,Europe,3693
Springs,SudAfrica,Southern Africa,Gauteng,Africa,3694
Tartu,Estonia,Northern Europe,Tartu,Europe,3695
Braga,Portugal,Southern Europe,Braga,Europe,3696
Montería,Colombia,South America,Córdoba,LATAM,3697
Katsushika-ku,Japón,Eastern Asia,Tokio,Pacific Asia,3698
Aberdeen,Estados Unidos,US Center ,Dakota del Sur,USCA,3699
Juliaca,Perú,South America,Puno,LATAM,3700
Neyshabur,Irán,South Asia,Jorasán Razaví,Pacific Asia,3701
Commerce City,Estados Unidos,West of USA ,Colorado,USCA,3702
Deer Park,Estados Unidos,US Center ,Texas,USCA,3703
El Aaiún,Sáhara Occidental,West Africa,El Aaiún,Africa,3704
Libourne,Francia,Western Europe,Aquitania-Lemosín-Poitou-Charentes,Europe,3705
Seropédica,Brasil,South America,Río de Janeiro,LATAM,3706
Qidong,China,Eastern Asia,Jiangsu,Pacific Asia,3707
Burlington,Canada,Canada,Ontario,USCA,3708
Moissy-Cramayel,Francia,Western Europe,Isla de Francia,Europe,3709
Wendeng,China,Eastern Asia,Shandong,Pacific Asia,3710
Texarkana,Estados Unidos,South of  USA ,Arkansas,USCA,3711
Coon Rapids,Estados Unidos,US Center ,Minnesota,USCA,3712
Cambridge,Nueva Zelanda,Oceania,Waikato,Pacific Asia,3713
Yao,Japón,Eastern Asia,Osaka,Pacific Asia,3714
Shimoga,India,South Asia,Karnataka,Pacific Asia,3715
Huangshi,China,Eastern Asia,Hubei,Pacific Asia,3716
Bafra,Turquía,West Asia,Samsun,Pacific Asia,3717
Zhuzhou,China,Eastern Asia,Hunan,Pacific Asia,3718
Gujrat,Pakistán,South Asia,Punyab,Pacific Asia,3719
Liaoyuan,China,Eastern Asia,Jilin,Pacific Asia,3720
Pearland,Estados Unidos,US Center ,Texas,USCA,3721
Saint Peters,Estados Unidos,US Center ,Misuri,USCA,3722
Vanderbijlpark,SudAfrica,Southern Africa,Gauteng,Africa,3723
St. John's,Canada,Canada,Terranova,USCA,3724
Mount Pleasant,Estados Unidos,US Center ,Michigan,USCA,3725
Samobor,Croacia,Southern Europe,Zagrebacka,Europe,3726
Kissimmee,Estados Unidos,South of  USA ,Florida,USCA,3727
Hengelo,Países Bajos,Western Europe,Overijssel,Europe,3728
Detmold,Alemania,Western Europe,Renania del Norte-Westfalia,Europe,3729
Bitola,Macedonia,Southern Europe,Bitola,Europe,3730
Botshabelo,SudAfrica,Southern Africa,Estado Libre,Africa,3731
Daloa,Costa de Marfil,West Africa,Haut-Sassandra,Africa,3732
Korhogo,Costa de Marfil,West Africa,Savanes,Africa,3733
Samalut,Egipto,North Africa,Menia,Africa,3734
Myslowice,Polonia,Eastern Europe,Silesia,Europe,3735
Duzce,Turquía,West Asia,Düzce,Pacific Asia,3736
Stanger,SudAfrica,Southern Africa,KwaZulu-Natal,Africa,3737
Bistrita,Rumania,Eastern Europe,Bistrita-Nasaud,Europe,3738
Fujisawa,Japón,Eastern Asia,Kanagawa,Pacific Asia,3739
Ashqelon,Israel,West Asia,Meridional,Pacific Asia,3740
Davis,Estados Unidos,West of USA ,California,USCA,3741
Elkhart,Estados Unidos,US Center ,Indiana,USCA,3742
Farmington,Estados Unidos,West of USA ,Nuevo México,USCA,3743
Tongzhou,China,Eastern Asia,Pekín,Pacific Asia,3744
Gonesse,Francia,Western Europe,Isla de Francia,Europe,3745
Linden,Estados Unidos,East of USA,Nueva Jersey,USCA,3746
Woodstock,Estados Unidos,South of  USA ,Georgia,USCA,3747
Missoula,Estados Unidos,West of USA ,Montana,USCA,3748
Shangzhi,China,Eastern Asia,Heilongjiang,Pacific Asia,3749
Benoni,SudAfrica,Southern Africa,Gauteng,Africa,3750
Sète,Francia,Western Europe,Languedoc-Rosellón-Mediodía-Pirineos,Europe,3751
Contagem,Brasil,South America,Minas Gerais,LATAM,3752
Amagasaki,Japón,Eastern Asia,Hyogo,Pacific Asia,3753
El Escorial,España,Southern Europe,Madrid,Europe,3754
Peer,Bélgica,Western Europe,Limburgo,Europe,3755
Lindenhurst,Estados Unidos,East of USA,Nueva York,USCA,3756
Takestan,Irán,South Asia,Qazvín,Pacific Asia,3757
Senlis,Francia,Western Europe,Norte-Paso de Calais-Picardía,Europe,3758
Asti,Italia,Southern Europe,Piamonte,Europe,3759
Limbe,Camerún,Central Africa,Ouest del Sur,Africa,3760
Campo Limpo Paulista,Brasil,South America,São Paulo,LATAM,3761
Pingnan,China,Eastern Asia,Guangxi,Pacific Asia,3762
Tottori,Japón,Eastern Asia,Tottori,Pacific Asia,3763
Rondonópolis,Brasil,South America,Mato Grosso,LATAM,3764
Yucaipa,Estados Unidos,West of USA ,California,USCA,3765
Volksrust,SudAfrica,Southern Africa,Mpumalanga,Africa,3766
Anglet,Francia,Western Europe,Aquitania-Lemosín-Poitou-Charentes,Europe,3767
Urganch,Uzbekistán,Central Asia,Khorezm,Pacific Asia,3768
Pico Rivera,Estados Unidos,West of USA ,California,USCA,3769
Tongling,China,Eastern Asia,Anhui,Pacific Asia,3770
Liuyang,China,Eastern Asia,Hunan,Pacific Asia,3771
Nashua,Estados Unidos,East of USA,Nuevo Hampshire,USCA,3772
